Episode,Accumulative Reward,Length
0,41.66628673672676,137
1,4.05667382478714,11
2,0.5451875627040863,3
3,40.75458726286888,94
4,136.0010638833046,369
5,62.94242161512375,158
6,55.446130603551865,143
7,43.22343748807907,113
8,18.283829301595688,47
9,53.33531591296196,131
10,0.3997890055179596,2
11,171.93375799059868,405
12,58.86734586954117,140
13,2.494601458311081,7
14,16.028356552124023,40
15,161.36137315630913,424
16,85.28937804698944,208
17,143.2160688638687,391
18,128.56267403066158,432
19,11.359442800283432,31
20,130.87735876441002,373
21,5.43786033987999,15
22,43.34020259976387,124
23,7.697882533073425,17
24,7.1767032742500305,20
25,52.68793013691902,126
26,112.81024795770645,252
27,75.38338455557823,170
28,9.732820004224777,38
29,86.7636026442051,226
30,1.7074856758117676,5
31,176.6129216849804,427
32,2.146881341934204,6
33,54.00709402561188,135
34,120.85177040100098,435
35,28.939222246408463,69
36,110.23352274298668,251
37,58.7618553340435,148
38,157.82247000932693,407
39,43.213233679533005,115
40,157.88404241204262,324
41,190.76887872815132,435
42,15.127618223428726,50
43,56.74041745066643,149
44,0.7957740426063538,3
45,1.9476830959320068,6
46,165.83589377999306,440
47,60.13653075695038,140
48,166.17903605103493,432
49,35.83439779281616,81
50,206.44540652632713,502
51,161.59072579443455,427
52,6.252895832061768,17
53,30.750483483076096,76
54,25.765370458364487,57
55,50.86299240589142,114
56,62.32521125674248,153
57,18.270539045333862,44
58,199.26713660359383,514
59,170.83731189370155,437
60,10.846889108419418,27
61,187.90516903996468,443
62,192.42973470687866,519
63,0.50958251953125,3
64,0.8227446973323822,3
65,200.14350625872612,518
66,5.958721190690994,16
67,50.29044580459595,125
68,173.40849913656712,513
69,21.70237109065056,52
70,7.972477376461029,18
71,6.258182495832443,15
72,52.127504497766495,120
73,174.69752180576324,421
74,5.2448563277721405,13
75,43.75351467728615,127
76,24.536312520503998,58
77,172.0328969657421,433
78,58.202583491802216,125
79,58.22163590788841,132
80,49.4488804936409,129
81,196.5881288945675,516
82,177.7225877046585,415
83,32.47198951244354,71
84,115.40953080356121,317
85,62.45664393901825,145
86,9.329562962055206,22
87,18.849869281053543,41
88,23.094034641981125,55
89,89.22656175494194,208
90,8.663876622915268,20
91,181.61841705441475,503
92,28.390716701745987,64
93,202.67528742551804,514
94,8.126006484031677,18
95,271.7774288058281,715
96,217.31965094804764,522
97,248.02579064667225,586
98,183.31364089250565,414
99,344.82835388183594,801
100,187.1849069595337,429
101,209.72192975878716,493
102,169.56582030653954,434
103,17.119504004716873,41
104,223.69163402915,524
105,112.8996456861496,234
106,59.593498319387436,134
107,70.05935475230217,170
108,69.18610179424286,154
109,369.5665339976549,953
110,329.14097434282303,738
111,71.19883206486702,149
112,339.49530985951424,801
113,203.9957584142685,506
114,453.48131737113,1043
115,187.89061677455902,405
116,221.17995443940163,505
117,321.92530481517315,815
118,350.6310813874006,801
119,3.0698665976524353,8
120,533.9968588799238,1379
121,216.40090763568878,519
122,279.03789561986923,742
123,211.45176494121552,516
124,172.1730891764164,374
125,173.76248383522034,379
126,579.6478999704123,1521
127,783.3866233080626,2016
128,230.8005601912737,511
129,736.0508628040552,2016
130,174.48238372802734,411
131,220.88983619213104,516
132,64.40862581133842,147
133,318.5307227373123,1088
134,80.08064466714859,166
135,273.05980211496353,807
136,481.65959843993187,1385
137,226.79621741175652,515
138,409.49929282069206,1172
139,295.1831101924181,806
140,405.7943647801876,1096
141,665.2999095916748,2016
142,462.98845276236534,1392
143,619.5785391926765,2016
144,193.34981426596642,520
145,168.37358710169792,397
146,139.5109787285328,409
147,204.1431401669979,505
148,218.66912257671356,519
149,380.0029779970646,1080
150,300.97803945839405,1146
151,575.3607868552208,1868
152,557.2678405344486,2016
153,432.4078125655651,2016
154,105.53615510463715,511
155,58.92774185538292,196
156,181.80864614248276,1090
157,296.7670706063509,1359
158,187.28042167425156,1083
159,236.9199351221323,2016
160,88.67948931455612,511
161,62.88667941093445,512
162,67.50978609919548,627
163,86.85861313343048,660
164,101.16147950291634,519
165,21.252900570631027,380
166,152.33990746736526,1526
167,102.08957859873772,809
168,64.6996488571167,519
169,196.45807215571404,2016
170,250.160882294178,1276
171,149.95016449689865,690
172,49.563952937722206,518
173,338.4739800542593,2016
174,102.82842798531055,347
175,272.71378107368946,1381
176,113.40520721673965,671
177,165.53324401378632,1369
178,138.11372405290604,517
179,153.3469559699297,1001
180,44.48020562529564,486
181,147.7286669909954,1084
182,111.38669802248478,519
183,81.60651768743992,523
184,329.13103753328323,2016
185,108.0655076354742,806
186,224.37235006690025,1376
187,384.96249917149544,2016
188,170.6505674123764,806
189,237.50746527314186,711
190,87.01289084553719,514
191,69.84034165740013,151
192,125.72710782289505,528
193,267.7264716923237,990
194,204.48726703226566,807
195,53.80857118964195,166
196,214.43524992465973,827
197,456.71846963465214,2016
198,467.0302147567272,2016
199,88.4492065012455,566
200,3.0985777974128723,10
201,156.67407801747322,514
202,227.02951774001122,768
203,17.29790887236595,135
204,45.58544281125069,370
205,137.58123216032982,1295
206,216.7031244635582,805
207,456.03572088479996,1542
208,4.074222773313522,105
209,238.86577382683754,699
210,266.39546847343445,970
211,261.7424846291542,663
212,201.99566078186035,515
213,218.4939020872116,794
214,166.6181442141533,524
215,272.20146691799164,1096
216,166.2314372062683,811
217,93.70650625228882,412
218,68.86810886859894,424
219,488.2051919847727,2016
220,429.6817710995674,2016
221,175.13651423156261,509
222,89.08398973941803,383
223,422.08570566773415,2016
224,103.62095871567726,407
225,0.4812888503074646,3
226,426.1731191724539,2016
227,411.7424342483282,1529
228,145.87103940546513,515
229,95.65979954600334,514
230,138.50073677301407,422
231,216.55527958273888,747
232,104.7786894440651,509
233,207.43387238681316,1102
234,0.5476756393909454,3
235,182.23612040281296,799
236,67.3730845451355,312
237,171.37662498652935,1096
238,128.0593619942665,512
239,241.2384421825409,795
240,203.57947492599487,986
241,236.77595043182373,1386
242,399.743312895298,2016
243,64.89975926280022,314
244,135.1673922240734,807
245,124.74862177670002,512
246,114.34149661660194,506
247,176.0638982951641,1097
248,173.4991109073162,798
249,140.247404307127,513
250,145.07725259661674,667
251,90.68274313211441,791
252,175.74395722150803,804
253,50.702924221754074,168
254,200.22385933995247,802
255,114.36514806747437,441
256,279.05027620494366,1075
257,157.709627866745,506
258,94.25486195087433,387
259,254.41664871573448,801
260,137.48270189762115,359
261,227.45237982273102,770
262,218.4413898140192,1090
263,27.995428919792175,415
264,148.6525632739067,508
265,178.23457047343254,807
266,422.4520266801119,2016
267,121.38077454268932,517
268,180.83080890774727,437
269,448.0291918963194,2016
270,114.50650495290756,506
271,176.78856168687344,1086
272,175.40462827682495,509
273,46.174530386924744,126
274,31.204629808664322,235
275,161.5792030841112,521
276,162.5457952618599,402
277,0.4700631946325302,3
278,71.37751844525337,163
279,176.90498808026314,805
280,540.6977423429489,2016
281,129.36207768321037,423
282,155.51705330610275,475
283,221.64541977643967,808
284,436.98387710750103,2016
285,48.9097895026207,137
286,26.212792724370956,134
287,98.92927120625973,513
288,398.44140945374966,2016
289,35.422914773225784,235
290,80.61647400259972,231
291,184.1842262148857,702
292,79.52042207121849,514
293,355.6565490067005,1098
294,133.2126123905182,517
295,158.1991825401783,792
296,419.70478899776936,2016
297,290.9592985063791,1252
298,74.04202948510647,518
299,313.05810794234276,1016
300,48.114185363054276,167
301,196.2627850174904,519
302,371.40382170677185,1474
303,33.367509961128235,115
304,113.33721280097961,388
305,49.45283633470535,164
306,214.57542181015015,803
307,200.19957406818867,954
308,163.63175058364868,424
309,80.83340308070183,519
310,0.4254579395055771,3
311,181.2674101293087,517
312,35.367410242557526,119
313,354.78246411681175,1197
314,159.53037205338478,459
315,284.6548915207386,959
316,192.328494399786,674
317,232.40014930069447,801
318,240.41252464056015,749
319,278.8377054929733,1083
320,210.80995312333107,808
321,78.73921555280685,229
322,162.7961600124836,512
323,416.18954303860664,2016
324,73.81980857253075,179
325,134.85752218961716,517
326,164.96038998663425,519
327,238.4804745912552,985
328,161.60802045464516,415
329,53.86314743757248,163
330,53.6153966486454,122
331,485.91118836402893,2016
332,195.7779287993908,520
333,265.92430904507637,1004
334,164.35774570703506,763
335,66.39592760801315,137
336,246.74320521950722,798
337,172.20188650488853,717
338,421.4202506095171,2016
339,252.37082909047604,1008
340,225.84771171212196,692
341,89.37302246689796,508
342,117.36261227726936,514
343,244.8702550828457,807
344,216.63056717813015,807
345,415.37885573506355,2016
346,190.6731048822403,430
347,138.86364722251892,507
348,271.828040599823,974
349,70.05415213108063,512
350,403.31345972418785,1868
351,515.4215620458126,2016
352,172.2490834593773,511
353,132.56887531280518,516
354,214.51446121931076,518
355,494.5195487886667,1879
356,460.3170248270035,2016
357,490.1988722383976,2016
358,52.88433262705803,151
359,39.34843346476555,378
360,271.6944569349289,721
361,109.13396045565605,408
362,283.6414391696453,946
363,51.75769367814064,129
364,150.8737217783928,433
365,490.35738292336464,2016
366,42.02382555603981,169
367,277.64579002559185,1153
368,40.54523167014122,134
369,167.49219235777855,810
370,277.9947767406702,1147
371,56.56762430071831,126
372,190.46197241544724,791
373,149.08225455880165,516
374,371.29167756438255,1669
375,549.6209397166967,2016
376,506.53886987268925,2016
377,492.34691017866135,2016
378,371.494513168931,1383
379,133.31344690918922,376
380,229.90377414226532,748
381,203.79457506537437,808
382,201.00149455666542,807
383,84.23335653543472,507
384,48.78125151991844,233
385,171.39388209581375,415
386,56.89622378349304,235
387,417.30615681409836,2016
388,84.68130052089691,168
389,0.5652840435504913,3
390,182.12409210205078,802
391,185.88821758329868,810
392,163.21104976534843,803
393,77.25036981701851,139
394,154.39713630080223,373
395,27.974166929721832,138
396,350.93309220671654,1262
397,604.2671087086201,2016
398,57.2814856171608,158
399,432.1609897315502,1633
400,128.84939473867416,520
401,467.8886576294899,2016
402,145.77134656906128,515
403,106.56571537256241,377
404,156.10772868990898,502
405,627.315288990736,2016
406,18.142159283161163,117
407,549.0823442786932,1980
408,602.6361794471741,2016
409,230.69771054387093,694
410,190.63074961304665,493
411,189.1257428228855,715
412,0.5198655128479004,3
413,530.5193576216698,2016
414,113.65640407800674,518
415,40.044502437114716,451
416,204.05259370803833,957
417,644.6261967420578,2016
418,175.1135341078043,1094
419,167.1200345158577,516
420,147.33521223068237,390
421,202.81500114500523,690
422,570.6451794505119,2016
423,469.9348364174366,1838
424,209.84760703146458,1082
425,367.8299937546253,1403
426,150.168273717165,516
427,261.894415050745,1104
428,237.2070737928152,803
429,315.63571102917194,1273
430,252.96638496220112,800
431,381.227627158165,1002
432,425.154126778245,1531
433,271.68711745738983,982
434,177.0199717283249,804
435,124.56507560610771,511
436,286.73752480745316,1116
437,439.09992004930973,1596
438,90.46678084135056,368
439,131.13911765813828,771
440,176.86776094138622,675
441,205.5353496670723,799
442,166.14221981167793,419
443,54.18124836683273,155
444,73.81368732452393,136
445,561.2321292907,2016
446,189.36992010474205,511
447,188.89616897702217,520
448,202.90756204724312,515
449,156.76143449544907,513
450,202.16177049279213,687
451,295.7416869997978,967
452,198.36175973713398,516
453,509.9318120479584,2016
454,598.3081360459328,2016
455,366.97028961777687,1244
456,267.01293790340424,686
457,387.10782197117805,1033
458,136.58514419198036,514
459,96.18375152349472,520
460,220.51761884987354,953
461,71.3136988133192,373
462,192.4271023273468,511
463,481.6520554423332,1297
464,99.79437816143036,409
465,176.79813903570175,694
466,547.3254957348108,2016
467,155.30156815052032,524
468,151.51072004437447,522
469,369.9856641739607,980
470,235.48246981203556,708
471,209.5057149529457,654
472,127.3998119533062,508
473,645.1719473898411,1962
474,155.29036170244217,606
475,190.1233955025673,640
476,369.94990403950214,1097
477,285.10046976804733,964
478,185.72610861063004,615
479,439.33255127072334,1553
480,322.7636706084013,1233
481,160.72113636136055,486
482,115.06804469227791,516
483,175.1832445859909,708
484,150.60380670428276,514
485,134.01773665845394,803
486,390.37634821236134,1519
487,24.55590382218361,124
488,255.83671386539936,804
489,64.8020868897438,518
490,230.3086081445217,806
491,490.1498193144798,1935
492,506.2051321864128,2016
493,46.50524753332138,111
494,320.54467844963074,1003
495,138.07656979560852,705
496,135.32687702775002,434
497,413.67613016068935,1774
498,226.7506229877472,624
499,480.21889820694923,1574
500,113.30131793022156,512
501,158.3329839706421,509
502,222.51240757107735,459
503,309.8871616125107,824
504,492.27883383631706,2016
505,228.29101225733757,1096
506,200.63709592819214,515
507,325.2840999811888,1093
508,92.12154492735863,169
509,133.25086122751236,517
510,269.9548749476671,811
511,307.823415517807,1072
512,126.59418496489525,511
513,105.99227932095528,517
514,230.40508550405502,702
515,570.6765852123499,1630
516,127.59237748384476,521
517,157.04432126879692,533
518,86.35647067427635,441
519,566.2642508298159,2016
520,316.45965710282326,1374
521,66.4982371032238,165
522,170.1227441728115,513
523,554.6910001337528,1623
524,60.7906733751297,124
525,53.351491659879684,194
526,465.24512226879597,1533
527,437.40829303860664,1264
528,17.21820768713951,112
529,197.41063314676285,616
530,435.2040723860264,1377
531,401.0903401374817,1379
532,61.62648305296898,379
533,353.898968398571,1093
534,73.4449108839035,160
535,32.109450310468674,232
536,428.4755027741194,1294
537,324.14996376633644,811
538,51.65707337856293,120
539,389.1322959214449,1226
540,626.7344686836004,2016
541,389.025543153286,1270
542,261.29226003587246,1087
543,34.96918398141861,99
544,463.96633645892143,2016
545,56.96357721090317,260
546,583.0406444370747,2016
547,56.47464993596077,574
548,132.12145292758942,501
549,283.5949361920357,1049
550,122.73614630103111,660
551,333.91542369127274,1089
552,336.33657306432724,1092
553,521.900230512023,2016
554,527.394000440836,1746
555,175.31959784030914,519
556,189.90512374043465,516
557,388.02190777659416,1053
558,110.22846114635468,512
559,55.30519211292267,124
560,329.59113036096096,1563
561,406.9910393357277,1352
562,344.67301835119724,1001
563,359.15419118106365,1027
564,355.22882844507694,1093
565,481.3667724430561,1524
566,103.070148229599,371
567,274.34853184223175,703
568,132.213414311409,381
569,361.79616472125053,1016
570,193.22362345457077,798
571,51.669404715299606,147
572,213.2407532632351,805
573,578.877917304635,2016
574,565.807414740324,2016
575,249.7801809310913,803
576,576.5419663786888,2016
577,150.6600043475628,410
578,738.6615523844957,2016
579,110.23525324463844,515
580,508.8328265398741,1396
581,280.45704811811447,768
582,117.3172048330307,518
583,587.8598983436823,2016
584,178.03135272860527,805
585,274.9291003495455,810
586,352.2579907029867,1093
587,247.65769577026367,894
588,545.9487804025412,1696
589,268.3644000887871,972
590,302.3315488398075,801
591,272.6788697093725,696
592,231.6791813671589,957
593,665.3724794089794,2016
594,513.4878405332565,2016
595,368.44356471300125,990
596,361.0529984533787,1091
597,295.47892588377,808
598,281.87064731121063,861
599,26.22831082344055,133
600,64.26120057702065,140
601,144.87964269518852,317
602,290.51146437227726,803
603,137.18615013360977,515
604,177.31446528434753,477
605,121.26875647902489,516
606,485.0531154125929,1646
607,540.1929904520512,1636
608,631.7904672175646,1885
609,412.0481101423502,1170
610,52.56507909297943,381
611,377.4191933721304,1095
612,104.16100224852562,422
613,282.41650927066803,702
614,153.0013636648655,518
615,660.3203255236149,2016
616,346.39083683490753,1059
617,194.70031642913818,520
618,138.5239692926407,483
619,63.87936872243881,153
620,311.2650655210018,1100
621,335.2479165047407,1086
622,121.46551188826561,382
623,100.934311658144,188
624,491.6710342168808,1380
625,61.45611375570297,144
626,347.8648001253605,987
627,223.98916548490524,806
628,174.36730003356934,506
629,288.111015945673,902
630,185.72666496038437,518
631,162.21821412444115,510
632,643.5219666808844,1959
633,228.05195435881615,516
634,99.45366898179054,519
635,39.16242942214012,131
636,142.14440459012985,515
637,192.31962996721268,994
638,33.112273663282394,246
639,215.9318115413189,693
640,178.34397080540657,515
641,178.55608853697777,810
642,154.8880523443222,389
643,175.80243316292763,669
644,419.01077668368816,1382
645,281.8464369624853,1089
646,154.5912002325058,516
647,61.16364660859108,123
648,161.28972148895264,420
649,33.48388314247131,420
650,575.0445546805859,1886
651,241.21848332881927,666
652,208.92500472068787,517
653,568.7886541485786,2016
654,510.93889144062996,1679
655,187.49572175741196,516
656,279.6044396162033,1100
657,147.8838927745819,505
658,191.84430235624313,805
659,569.6465761959553,1665
660,330.8607870042324,1065
661,323.7090978771448,803
662,307.8318022340536,1093
663,232.86818054318428,686
664,289.44981959462166,1093
665,551.9759777784348,1544
666,411.7654433399439,1272
667,171.88737058639526,389
668,580.7382494360209,1670
669,97.51474472880363,290
670,173.38380759954453,503
671,116.04632860422134,514
672,56.82610094547272,144
673,194.43462947010994,518
674,588.7216424643993,2016
675,158.49316075444221,511
676,244.313919454813,804
677,514.5839798152447,1671
678,506.44888284802437,1586
679,575.1860081255436,1714
680,582.1990434527397,2016
681,116.18619838356972,460
682,388.07720978558064,1094
683,58.284112483263016,211
684,133.49972453713417,403
685,310.8504890948534,809
686,269.06161637604237,1086
687,632.5735630989075,1723
688,271.2430181503296,1089
689,365.79204350709915,807
690,62.5876984000206,125
691,369.24715112149715,1531
692,224.4684548676014,711
693,509.39493353664875,1322
694,415.622052103281,1095
695,266.7631152123213,810
696,192.8615769147873,730
697,189.07168290019035,546
698,105.8156626522541,379
699,307.8260655105114,720
700,282.1253406703472,1104
701,128.17660015821457,378
702,106.67356786131859,234
703,68.11493870615959,144
704,247.94680179655552,810
705,178.3035674393177,511
706,132.94651919603348,381
707,724.8126069307327,2016
708,204.6324502825737,457
709,220.1264908015728,631
710,668.1681517660618,1764
711,215.9474842697382,801
712,345.988473713398,1010
713,80.09760418534279,400
714,248.7723925858736,805
715,249.54365549981594,805
716,55.0271058678627,130
717,110.71344788372517,515
718,96.06959941983223,440
719,132.77117690443993,665
720,600.6543261110783,2016
721,193.13934898376465,799
722,211.22491778433323,511
723,150.21056592464447,510
724,664.7221292257309,2016
725,53.936700999736786,377
726,314.8349271416664,947
727,436.5594397485256,1340
728,159.83774212002754,505
729,32.43488097190857,193
730,299.6935636550188,923
731,124.45237499475479,387
732,141.41383603215218,439
733,588.0917281061411,1862
734,27.18056944012642,63
735,152.82585489749908,519
736,131.91736581921577,510
737,150.1207737326622,442
738,525.7015554308891,1681
739,373.6165197491646,1093
740,317.4254466891289,968
741,612.1571262329817,1665
742,192.9294879436493,478
743,308.13711670041084,805
744,178.04457241296768,517
745,223.59090983867645,804
746,364.35978293418884,999
747,182.51877570152283,411
748,81.19544823467731,411
749,135.59985101222992,406
750,289.22001257538795,736
751,559.1757942438126,2016
752,234.2974570095539,519
753,268.193771854043,805
754,14.80570736527443,146
755,392.9591245353222,1374
756,73.09185469150543,144
757,104.8691611289978,381
758,608.0778367221355,1674
759,716.9503080993891,2016
760,354.6147144436836,1242
761,57.33172217011452,123
762,358.9232474565506,1093
763,523.4986748695374,1358
764,121.17110586166382,387
765,413.77891367673874,982
766,344.03115825355053,989
767,399.58347049355507,1015
768,301.22117334604263,792
769,340.8201687633991,1091
770,274.5765084028244,799
771,22.184003561735153,52
772,46.767503798007965,207
773,41.55103653669357,124
774,316.8424717783928,803
775,62.29300305247307,116
776,656.1822537481785,1962
777,313.6325562596321,791
778,383.0945866703987,1095
779,83.10776656866074,238
780,622.0660725831985,2016
781,238.4321769028902,520
782,741.5382877588272,2016
783,376.50174520909786,1192
784,497.9395052343607,1532
785,273.19794787466526,705
786,61.9628529548645,129
787,348.9612281471491,1245
788,303.38968926668167,1082
789,519.1538194566965,1378
790,110.7410461306572,235
791,349.58197762072086,933
792,148.5819429755211,385
793,781.8653493821621,2016
794,189.2399474978447,670
795,665.7436862885952,2016
796,223.35581520199776,430
797,366.1343001574278,1094
798,182.66168227791786,516
799,593.17039757967,2016
800,214.46134516596794,664
801,381.9425827860832,993
802,699.8231334686279,2016
803,476.0047289133072,1303
804,501.6192800998688,2016
805,486.98090393841267,1665
806,457.52907705307007,1260
807,347.6749411225319,1101
808,716.192680388689,2016
809,340.77369397878647,1003
810,80.57505139708519,141
811,64.36545765399933,127
812,215.0169216990471,472
813,553.0936877131462,1651
814,145.02984416484833,377
815,630.6117597669363,1583
816,54.66166824102402,229
817,180.96609672904015,518
818,671.8438124209642,2016
819,169.90864956378937,439
820,91.00402560830116,519
821,151.69041538238525,519
822,211.75610515475273,517
823,384.61271047592163,1280
824,0.45861077308654785,3
825,128.48378574848175,690
826,110.88058841228485,666
827,376.48733377456665,980
828,625.8047472834587,2016
829,312.4322247505188,955
830,767.3694449514151,2016
831,241.21158850193024,517
832,450.66280844807625,1120
833,396.00432646274567,1091
834,504.00291903316975,1381
835,587.3501926362514,2016
836,484.8761841952801,1313
837,216.8119835704565,669
838,540.1560614258051,1691
839,213.65804609656334,517
840,59.15090537071228,229
841,140.5015450567007,532
842,200.39205937087536,517
843,256.26431269943714,806
844,530.6905470788479,2016
845,101.1175100505352,515
846,49.39641144871712,513
847,524.6618041992188,2016
848,47.583828032016754,153
849,345.89610838890076,1100
850,289.7247282862663,1096
851,189.2997970879078,501
852,91.15945225954056,234
853,80.70015653967857,391
854,195.0208077430725,457
855,146.71208834648132,398
856,647.4101782739162,1898
857,144.7990170121193,516
858,528.559847459197,1686
859,101.25527143478394,375
860,50.12366119027138,521
861,431.71331234276295,1006
862,209.92775350809097,509
863,264.31837528944016,961
864,233.36393955349922,514
865,484.2602278739214,1383
866,197.10243782401085,518
867,422.1924397200346,1229
868,337.2696151435375,1098
869,0.3924829810857773,3
870,262.3355987370014,931
871,264.55922669172287,804
872,278.7458666115999,807
873,55.76771041750908,519
874,132.69295653700829,378
875,58.393451541662216,128
876,254.30649757385254,809
877,174.55088689923286,513
878,409.8367109000683,1007
879,219.01120895147324,520
880,608.9478868693113,2016
881,585.52084466815,1962
882,73.21894004940987,132
883,274.26949283480644,767
884,588.929378002882,1593
885,708.840355321765,2016
886,167.52419164776802,377
887,506.06876492500305,1530
888,165.02538603544235,431
889,386.66560408473015,1379
890,458.8682355135679,1377
891,459.98931381106377,1318
892,634.2502798587084,1711
893,285.20777356624603,950
894,210.4076480269432,508
895,556.2497730851173,1689
896,492.49053905904293,1604
897,59.3448920249939,158
898,95.41271245479584,228
899,397.186864733696,1240
900,138.63321959972382,379
901,665.1509095579386,2016
902,243.05560812354088,624
903,548.7748138606548,2016
904,231.81067638099194,811
905,646.9564393460751,1967
906,0.5134247243404388,3
907,280.8130225390196,805
908,276.5080241858959,698
909,560.2351678162813,1668
910,157.7542059123516,478
911,359.79515631496906,976
912,172.38655808568,401
913,181.4688320159912,619
914,314.07160271704197,973
915,349.56139928102493,1093
916,313.8761060535908,802
917,519.5257194191217,1380
918,561.303696975112,1686
919,181.58130985498428,519
920,680.748832911253,2016
921,361.7557957470417,982
922,61.85908877849579,139
923,247.89733037352562,691
924,418.507306009531,1099
925,332.0848906636238,717
926,365.47216644883156,940
927,503.6092554628849,1297
928,292.98726201057434,715
929,48.00419268012047,377
930,340.6896850168705,1088
931,67.96309006214142,128
932,425.6752049475908,1382
933,381.29854092001915,1097
934,360.1746568977833,809
935,160.32338973879814,517
936,539.4797261953354,1864
937,344.9228729605675,1042
938,223.49134862422943,511
939,711.1923200637102,2016
940,331.35310885310173,803
941,146.72965690493584,520
942,61.40329849720001,137
943,312.3658559024334,1006
944,401.7134317010641,1090
945,671.8442956954241,2016
946,231.76410856842995,511
947,629.9648616313934,2016
948,171.19878324866295,374
949,662.9151954054832,2016
950,171.14623481035233,523
951,662.2791960686445,2016
952,260.7933473587036,803
953,231.7691235244274,518
954,147.15400823950768,516
955,314.8377417474985,803
956,542.3604541420937,2016
957,617.3785072565079,2016
958,725.8532381951809,2016
959,652.8536956012249,2016
960,275.77781626582146,800
961,476.76810289919376,1094
962,164.32561233639717,420
963,136.29500502347946,384
964,245.27565781772137,1047
965,421.1853533387184,1187
966,177.5083682090044,519
967,0.4883285462856293,3
968,189.02162158489227,444
969,198.65615290403366,518
970,392.5816574841738,1091
971,280.086655408144,808
972,148.77167780697346,513
973,426.08571314811707,1094
974,301.56174182891846,970
975,391.6077230870724,1244
976,590.1403362900019,1876
977,71.73052316904068,223
978,130.77803722023964,519
979,139.80797018110752,516
980,311.05011580884457,755
981,142.5434154868126,420
982,371.184263959527,1379
983,220.08710925281048,521
984,135.4299401640892,518
985,175.64481760561466,516
986,210.65775591135025,520
987,737.4250554740429,2016
988,609.1923635303974,2016
989,165.3727039694786,366
990,354.050929248333,998
991,415.7270453572273,1095
992,435.60625487565994,968
993,553.6069393903017,1701
994,496.5716948211193,1376
995,130.8460978269577,503
996,510.02866427600384,1379
997,177.86587610840797,516
998,547.0081870704889,1372
999,315.601608812809,804
1000,702.5455108880997,2016
1001,52.78690853714943,110
1002,184.71818101406097,437
1003,299.73183608055115,801
1004,290.03703451156616,955
1005,628.756957679987,2016
1006,279.46144849061966,805
1007,489.78447583317757,1277
1008,425.66751070320606,1237
1009,663.540425747633,1893
1010,349.9162554740906,968
1011,325.58374494314194,801
1012,177.8077654838562,417
1013,309.13005870580673,957
1014,296.8540330529213,755
1015,369.99111902713776,1141
1016,354.94454246759415,803
1017,144.83500349521637,506
1018,553.6774433255196,1895
1019,545.5982557088137,1604
1020,212.8332832455635,505
1021,258.04211331903934,809
1022,483.83210927248,1691
1023,420.06640580296516,885
1024,447.4248712658882,1379
1025,205.49920138716698,519
1026,580.3356724530458,2016
1027,174.14202570915222,485
1028,137.6922510266304,373
1029,453.944996252656,1382
1030,568.7545683979988,2016
1031,623.7414004057646,2016
1032,199.4628404378891,512
1033,656.1445789039135,2016
1034,325.85749401152134,1097
1035,170.89661791920662,516
1036,376.78206276893616,976
1037,356.11752535402775,1088
1038,777.0768106877804,2016
1039,201.6488541662693,806
1040,436.42161041498184,1384
1041,231.32360357046127,515
1042,810.8849926292896,2016
1043,310.93209905922413,806
1044,178.08812713623047,459
1045,617.466912612319,2016
1046,388.7623082995415,1216
1047,64.96578997373581,136
1048,131.07723481953144,519
1049,193.66687539219856,517
1050,209.48942545056343,447
1051,134.58487421274185,388
1052,170.81001603603363,520
1053,362.42611691355705,1078
1054,493.70568366348743,1379
1055,661.6537458449602,2016
1056,589.1704923659563,2016
1057,271.5687938928604,695
1058,665.1049994677305,2016
1059,622.0426027178764,1997
1060,428.2285175919533,1100
1061,622.5226852744818,2016
1062,398.5534878671169,1086
1063,375.29454749822617,997
1064,186.71187789738178,514
1065,181.5754555463791,515
1066,791.8063336461782,2016
1067,321.75906360149384,738
1068,134.26575246453285,519
1069,123.31911793351173,417
1070,736.2531390786171,2016
1071,306.10516077280045,809
1072,377.2987718731165,1091
1073,707.2071508616209,2016
1074,642.8402092158794,2016
1075,297.0619905292988,694
1076,59.13437178730965,149
1077,711.7355511188507,2016
1078,223.00326330959797,514
1079,504.19055408239365,1583
1080,658.8379864245653,2016
1081,475.9904920607805,1375
1082,168.84582725167274,509
1083,670.7295696139336,2016
1084,177.3140167593956,486
1085,346.62860852479935,1083
1086,201.61640411615372,517
1087,146.79452750086784,523
1088,598.4222667217255,2016
1089,700.1565197408199,2016
1090,719.2698803544044,2016
1091,737.3293144255877,2016
1092,327.29954244196415,807
1093,792.386951893568,2016
1094,180.78588739037514,517
1095,659.7563521265984,2016
1096,808.0454027950764,2016
1097,616.6588161587715,1668
1098,342.199488773942,805
1099,332.6165559589863,1061
1100,389.3351189494133,1095
1101,733.6500601917505,2016
1102,609.4918483793736,1851
1103,301.01048243045807,803
1104,68.82359510660172,139
1105,191.1470034122467,517
1106,528.7977290004492,1707
1107,421.4090317338705,1380
1108,703.1457635164261,2016
1109,489.28200118243694,1381
1110,254.99425068497658,808
1111,530.2426374852657,1548
1112,50.20632615685463,210
1113,554.0823670476675,1901
1114,777.7772373557091,2016
1115,272.2586120069027,668
1116,208.8595448434353,515
1117,500.27332720160484,1244
1118,220.6468422114849,514
1119,499.2787420451641,1381
1120,280.40338093042374,703
1121,313.6297343969345,801
1122,581.9313407689333,1865
1123,62.556301057338715,131
1124,672.7053118944168,2016
1125,125.05555970966816,511
1126,232.92271128296852,709
1127,757.6592673063278,2016
1128,388.64246675372124,1007
1129,0.4855063408613205,3
1130,233.13532742857933,514
1131,352.2446778714657,938
1132,200.63110303878784,515
1133,181.48256480693817,514
1134,619.1933594942093,1668
1135,523.9328380525112,1381
1136,215.6911822259426,507
1137,641.4008068293333,2016
1138,689.9628242105246,2016
1139,288.6188524067402,698
1140,646.9729127138853,1670
1141,403.73632419109344,1100
1142,235.96555171906948,516
1143,277.8607842028141,667
1144,673.8071993887424,2016
1145,538.8652880936861,1671
1146,727.19095005095,2016
1147,336.02094027400017,1091
1148,163.9706832766533,413
1149,169.56933599710464,512
1150,562.1929194629192,1671
1151,300.87300811707973,950
1152,460.659813195467,983
1153,50.34933331608772,122
1154,180.9891233444214,670
1155,268.7022505700588,791
1156,273.96238055825233,805
1157,361.2950710207224,1093
1158,228.75014862418175,805
1159,259.92783983051777,718
1160,356.8262762129307,1085
1161,713.1356263160706,2016
1162,156.06492620706558,443
1163,327.6875387430191,801
1164,287.9496438205242,719
1165,390.791606977582,1090
1166,398.8381345272064,1091
1167,401.56667616963387,1104
1168,194.74815925955772,510
1169,496.17698957026005,1691
1170,310.8734072446823,669
1171,224.24489951133728,517
1172,412.0422004312277,1087
1173,653.413464859128,2016
1174,730.6389052718878,2016
1175,374.53900411725044,1082
1176,767.8454817086458,2016
1177,499.5497932732105,1383
1178,408.50214397907257,1098
1179,242.71543073654175,522
1180,79.13911098241806,148
1181,0.47284820675849915,3
1182,237.47940555214882,519
1183,369.6296981871128,805
1184,598.9874622672796,2016
1185,709.4561271071434,2016
1186,631.4818130731583,1664
1187,295.5308310985565,810
1188,725.6362008452415,2016
1189,263.50070506334305,518
1190,363.17319326102734,1271
1191,150.8348877131939,514
1192,686.3700525611639,2016
1193,54.08285865187645,233
1194,397.07252034544945,1088
1195,321.88794872164726,1010
1196,237.03582033514977,514
1197,718.2230344265699,2016
1198,140.62501594424248,445
1199,295.1175381541252,790
1200,762.1031020283699,2016
1201,530.3110533207655,1262
1202,166.4769533276558,515
1203,328.47407764196396,880
1204,407.2772358953953,1096
1205,243.01104032993317,519
1206,440.67799615859985,1001
1207,109.52301871776581,468
1208,183.1307144165039,509
1209,391.03248849511147,1383
1210,348.71617640554905,803
1211,335.13541397452354,955
1212,743.377925992012,2016
1213,162.74872986972332,519
1214,0.44580432772636414,3
1215,229.6461555659771,516
1216,152.27932289242744,270
1217,769.5491486787796,2016
1218,790.161369740963,2016
1219,677.8529823422432,1887
1220,270.4710329324007,986
1221,340.25978304445744,801
1222,669.2619021236897,1704
1223,410.00127090513706,1087
1224,356.15099334716797,808
1225,34.28343600034714,228
1226,187.3422433435917,512
1227,713.506319373846,2016
1228,310.15762585401535,708
1229,233.7998996078968,517
1230,207.31651946902275,519
1231,720.4230174720287,2016
1232,738.3540872186422,2016
1233,621.836016356945,1537
1234,716.0164906978607,2016
1235,755.6572253406048,2016
1236,216.0428159236908,520
1237,445.47431851923466,1241
1238,444.0186296403408,1091
1239,558.0266861915588,1380
1240,332.64826050400734,798
1241,253.98299959301949,714
1242,730.3900990784168,2016
1243,681.7077153772116,2016
1244,716.1778127551079,2016
1245,154.79060745239258,508
1246,154.63475388288498,737
1247,510.4596835076809,1255
1248,284.3551720380783,806
1249,435.10973630845547,1092
1250,75.66029858589172,142
1251,760.9373764097691,2016
1252,348.3700729608536,934
1253,186.08016350865364,512
1254,205.82521390914917,452
1255,745.1568041741848,2016
1256,825.3260596990585,2016
1257,236.46505612134933,518
1258,242.3211286664009,518
1259,771.9004215449095,2016
1260,776.2561175823212,2016
1261,553.7866257876158,1580
1262,407.63618060946465,909
1263,126.72443023324013,379
1264,331.92336916923523,688
1265,203.2783984541893,405
1266,714.902987793088,2016
1267,548.6774109303951,1259
1268,178.46751233935356,433
1269,708.4338897764683,1881
1270,269.66833409667015,811
1271,538.1236986517906,1295
1272,338.4936715066433,812
1273,468.0489244312048,1377
1274,491.2835109382868,1384
1275,377.0492952018976,811
1276,759.7635825574398,2016
1277,194.35415670275688,514
1278,610.8625777810812,1671
1279,484.32551638782024,1290
1280,630.529546007514,1535
1281,405.69099174439907,1002
1282,293.9501673877239,740
1283,78.025938808918,154
1284,666.2319345772266,2016
1285,308.2075833976269,808
1286,321.72406356036663,807
1287,233.37227392196655,517
1288,112.0037636756897,234
1289,282.5291068851948,665
1290,76.01431247591972,233
1291,628.6462996155024,1692
1292,835.9679156541824,2016
1293,0.5356817245483398,3
1294,322.00980542600155,804
1295,120.24895960092545,236
1296,316.9544154256582,803
1297,849.018043667078,1952
1298,721.3425293117762,2016
1299,174.1720287501812,484
1300,418.99484968185425,1262
1301,210.03314578533173,430
1302,716.7214801758528,2016
1303,705.2337834388018,2016
1304,154.28133314847946,518
1305,642.934552103281,2016
1306,229.56089675426483,517
1307,168.57765567302704,377
1308,711.6131282895803,2016
1309,686.8497481644154,2016
1310,380.3095992654562,1091
1311,671.1004582345486,2016
1312,769.585751131177,2016
1313,877.8587268590927,2016
1314,341.99841855466366,805
1315,559.1663592159748,1527
1316,0.5215779840946198,3
1317,778.410942107439,2016
1318,188.65906605124474,517
1319,229.1458809375763,518
1320,57.969070732593536,128
1321,776.3286189138889,2016
1322,47.80218946933746,129
1323,764.0461999177933,2016
1324,670.5118235647678,1904
1325,284.6811817288399,718
1326,86.45772737264633,159
1327,768.5694419592619,1985
1328,403.46359887719154,1080
1329,573.5898306816816,1534
1330,241.64063891768456,516
1331,660.8165098428726,2016
1332,343.8838101327419,805
1333,558.6857403218746,1275
1334,263.89017802476883,799
1335,87.90274152159691,163
1336,589.1218063980341,1530
1337,708.1293599903584,2016
1338,287.6005837470293,804
1339,193.33910247683525,511
1340,456.0140461921692,1250
1341,432.6891695857048,1274
1342,170.79944697022438,382
1343,737.5300745666027,2016
1344,345.7992506325245,804
1345,374.3572858721018,1088
1346,802.8599816858768,2016
1347,383.2105965614319,1091
1348,320.2212070822716,711
1349,678.3593420088291,2016
1350,732.1627549529076,2016
1351,233.90432338416576,518
1352,195.63283360004425,514
1353,220.27194839715958,519
1354,327.69962035119534,801
1355,380.30921855568886,970
1356,205.61443975567818,502
1357,674.2699984610081,2016
1358,844.4488478451967,2016
1359,634.8637154251337,2016
1360,279.2506622970104,693
1361,28.28195157647133,50
1362,239.77911585569382,514
1363,109.23711183667183,378
1364,163.52733969688416,386
1365,168.7725009918213,373
1366,699.0643239915371,1806
1367,292.54030653834343,721
1368,64.9362570643425,146
1369,352.22612558305264,807
1370,693.1324678957462,2016
1371,158.2502014040947,521
1372,254.4434281885624,521
1373,778.8529766649008,2016
1374,327.1812814772129,805
1375,298.9532733261585,803
1376,182.87383842468262,506
1377,785.8762034624815,2016
1378,787.1794250905514,1660
1379,416.03263235092163,1097
1380,447.91123366355896,1097
1381,750.8942793607712,2016
1382,798.5592004060745,2016
1383,396.69646948575974,1047
1384,455.50908537209034,1383
1385,233.55464100837708,513
1386,231.70151039958,516
1387,400.5555092394352,1003
1388,228.04942393302917,514
1389,270.15320098400116,803
1390,572.0645831972361,1316
1391,111.50754195451736,374
1392,328.8392516672611,804
1393,234.1325960457325,518
1394,308.6072991937399,806
1395,797.5024330019951,2016
1396,74.24936917424202,221
1397,722.6783514022827,2016
1398,588.2519466727972,1583
1399,693.5180612951517,2016
1400,432.6652844250202,1102
1401,648.7595472037792,1660
1402,774.543242931366,1949
1403,797.67466814816,2016
1404,221.60558807849884,512
1405,220.05965939164162,509
1406,798.728532910347,2016
1407,528.2239889204502,1665
1408,455.53356379270554,997
1409,397.79688212275505,1096
1410,211.6815721988678,518
1411,412.1443374156952,1093
1412,277.10280922055244,806
1413,213.5321289151907,517
1414,684.067280292511,2016
1415,664.8741819262505,1951
1416,168.18794426321983,511
1417,147.7438262104988,517
1418,607.4208636581898,1953
1419,560.6052538901567,1662
1420,593.0308879315853,2016
1421,447.0128630399704,1090
1422,651.298121497035,1667
1423,822.8165604770184,2016
1424,527.7045670002699,1374
1425,172.7489894926548,376
1426,196.51019030809402,513
1427,675.1535635888577,1591
1428,424.0810700058937,990
1429,424.0883356332779,1098
1430,853.5475789308548,2016
1431,505.1235719770193,1266
1432,333.81192377209663,805
1433,825.7884494364262,2016
1434,509.18815602362156,1377
1435,393.6647956967354,1019
1436,149.77711978554726,380
1437,481.32273122668266,1095
1438,818.8764144480228,2016
1439,106.6273644566536,233
1440,472.19444409012794,1133
1441,746.6970573961735,1974
1442,72.50180503726006,123
1443,815.9122035503387,2016
1444,622.1350482106209,1604
1445,845.8133592903614,2016
1446,415.5377355515957,1074
1447,595.0233798921108,1256
1448,757.5998109579086,2016
1449,390.0513373017311,972
1450,826.0381119549274,2016
1451,782.7622981071472,2016
1452,193.68756285309792,500
1453,340.7316466867924,1091
1454,337.0939374268055,806
1455,447.45999932289124,1087
1456,435.1900445818901,1092
1457,724.3310837298632,2016
1458,603.8613115847111,1336
1459,248.71305026113987,517
1460,220.1977308690548,517
1461,399.2407424747944,1084
1462,226.97270521521568,510
1463,259.7490780055523,946
1464,733.2372805327177,2016
1465,514.3450175225735,1292
1466,794.7447514533997,2016
1467,523.2829289734364,1291
1468,415.40502874553204,1093
1469,564.7106536626816,1524
1470,158.52602806687355,371
1471,815.6544044464827,2016
1472,398.0515972673893,984
1473,791.3697723448277,2016
1474,339.42848947644234,804
1475,253.32165423035622,519
1476,355.95183047652245,805
1477,371.83617743849754,1011
1478,456.5092628598213,1106
1479,328.3852362334728,803
1480,137.37508338689804,250
1481,693.7043792158365,2016
1482,266.81961435079575,673
1483,172.51522341370583,515
1484,596.0175185799599,1390
1485,258.9761837422848,803
1486,218.44777420163155,518
1487,800.6990651339293,2016
1488,327.9354713857174,805
1489,340.0081321299076,809
1490,451.00530372560024,1093
1491,758.2854908257723,2016
1492,746.6850547343493,1989
1493,458.06875348091125,972
1494,374.99710507690907,801
1495,353.83712258934975,802
1496,407.4136687219143,1085
1497,725.6923003792763,2016
1498,803.1482036262751,2016
1499,417.1760301887989,1091
1500,419.640799254179,1090
1501,765.0531781166792,2016
1502,794.4139272719622,2016
1503,216.87898793816566,512
1504,327.1371563076973,804
1505,688.044629111886,2016
1506,302.9963952898979,803
1507,219.64878918230534,515
1508,200.37363043427467,502
1509,202.95872420072556,516
1510,767.6934961080551,2016
1511,625.0786590576172,1661
1512,822.2003358006477,2016
1513,812.8523389995098,2016
1514,175.4326343536377,379
1515,472.85455790162086,1093
1516,736.1122712492943,2016
1517,289.73452749848366,710
1518,224.22429037094116,518
1519,683.0146967917681,1692
1520,917.3317660093307,2016
1521,617.6294497698545,1669
1522,228.04609040915966,515
1523,408.23040571808815,809
1524,463.3822945058346,1098
1525,437.00086407363415,1088
1526,134.5769549459219,518
1527,219.12086576223373,377
1528,590.799284055829,1380
1529,171.8334881067276,379
1530,683.8419592231512,2016
1531,213.4635185599327,806
1532,172.68055605888367,504
1533,333.3976818919182,995
1534,231.60870778560638,517
1535,171.33454594016075,511
1536,218.8846127986908,426
1537,240.7630230486393,515
1538,48.20161750912666,129
1539,94.57425740361214,233
1540,229.34556233882904,515
1541,805.8652691841125,2016
1542,158.7679250240326,379
1543,376.56952396035194,810
1544,208.39993327856064,514
1545,213.7108693420887,430
1546,225.93913246691227,522
1547,257.3999627381563,669
1548,564.2471801936626,1383
1549,388.93873432278633,1090
1550,228.28526711463928,518
1551,184.89319989085197,510
1552,745.4629593938589,2016
1553,69.84620383381844,112
1554,795.0250857025385,2016
1555,811.8913581222296,2016
1556,225.20324063301086,518
1557,865.071674823761,2016
1558,803.8702777475119,2016
1559,811.0114902257919,2016
1560,434.5547918379307,1100
1561,225.4058457016945,507
1562,268.3444249331951,806
1563,620.9747700691223,1667
1564,868.8034835755825,2016
1565,392.7769760340452,803
1566,219.65041686594486,522
1567,323.5560503602028,682
1568,470.017003133893,1090
1569,603.2794771939516,1544
1570,478.2401966005564,1279
1571,416.4075354039669,900
1572,587.3345980942249,1668
1573,165.3440668284893,376
1574,233.21869269013405,508
1575,223.8286393135786,513
1576,460.34031035006046,1099
1577,225.91661098599434,518
1578,104.83496081829071,194
1579,197.31638970971107,512
1580,294.32228019833565,803
1581,601.2602243423462,1670
1582,691.2536168992519,1578
1583,799.2465418279171,2016
1584,855.698492795229,2016
1585,164.1438771188259,379
1586,441.29409106075764,1093
1587,447.10356517136097,952
1588,718.917650103569,1956
1589,342.47307071089745,809
1590,411.544077411294,1089
1591,594.5918279588223,1638
1592,463.441860049963,1092
1593,491.62915802001953,1243
1594,372.8599676191807,813
1595,541.7337112575769,1532
1596,315.7932053208351,794
1597,677.5447833091021,1665
1598,464.07680532336235,1095
1599,377.1053703427315,810
1600,46.84137678146362,253
1601,473.9205374419689,982
1602,224.17999133467674,517
1603,312.7889486849308,724
1604,734.7887644171715,2016
1605,168.7073267698288,376
1606,298.88948860764503,798
1607,824.2452309131622,2016
1608,432.0823446661234,984
1609,234.0047592818737,512
1610,195.597412109375,512
1611,663.3027370870113,2016
1612,300.3403183221817,809
1613,729.0512230396271,2016
1614,581.1127364039421,1272
1615,289.7349505722523,802
1616,799.4677293598652,2016
1617,178.22331500053406,512
1618,479.45219223201275,1093
1619,348.01026909053326,806
1620,843.2001534104347,2016
1621,216.139742821455,516
1622,599.6597779393196,1669
1623,233.67994129657745,665
1624,719.5917398780584,2016
1625,332.6240959763527,800
1626,238.6311514377594,510
1627,208.87465679645538,511
1628,337.99322351813316,1006
1629,79.21037751436234,156
1630,411.4207552522421,1012
1631,57.437727600336075,105
1632,211.8001167178154,501
1633,447.04557171463966,1022
1634,747.0007498711348,2016
1635,234.02558985352516,513
1636,819.2982783466578,2016
1637,657.6111208945513,1814
1638,800.5879159420729,2016
1639,236.47211949527264,519
1640,191.20223397016525,510
1641,569.7640651166439,1726
1642,82.37695041298866,131
1643,340.0549342930317,722
1644,453.33300602436066,977
1645,829.2563305795193,2007
1646,472.0761750638485,976
1647,362.51810859143734,805
1648,242.6945433318615,517
1649,315.9136543869972,804
1650,832.9550441354513,2016
1651,437.56665620207787,1086
1652,307.8077572584152,768
1653,242.6728512942791,518
1654,462.152967274189,1268
1655,878.1843670606613,2016
1656,219.95920300483704,521
1657,356.7303236722946,804
1658,292.2931680083275,791
1659,524.8443015217781,1375
1660,464.97878509759903,1090
1661,196.65247455239296,485
1662,719.2042250782251,1674
1663,689.2876832187176,2016
1664,562.2463381588459,1243
1665,425.9301741719246,1088
1666,393.96418955922127,1093
1667,838.1344306766987,2016
1668,238.45646938681602,520
1669,459.73165184259415,1001
1670,485.96540653705597,1094
1671,443.0855602622032,1021
1672,841.0169996917248,2016
1673,446.257316544652,1090
1674,333.5052571594715,802
1675,391.0764720439911,962
1676,302.3430237174034,690
1677,238.37219914793968,515
1678,356.6399217694998,803
1679,491.3362047970295,1091
1680,772.8633068948984,2016
1681,442.1255014538765,1089
1682,485.3997281938791,1093
1683,108.70848256349564,234
1684,828.2055560201406,2016
1685,258.67829670012,520
1686,786.2510770857334,2016
1687,314.92161375284195,715
1688,660.1247436851263,1670
1689,336.11248499155045,805
1690,442.27663537859917,959
1691,547.9691396206617,1265
1692,413.283947378397,957
1693,602.7946482151747,1379
1694,90.55806314945221,235
1695,595.3405441045761,1380
1696,861.5335276722908,2016
1697,714.7066196501255,1581
1698,342.69301250576973,804
1699,846.6462025344372,2016
1700,234.45427250862122,429
1701,443.25931146740913,1096
1702,272.6224801838398,516
1703,755.0946325957775,2016
1704,273.5780167877674,666
1705,474.0219338834286,1062
1706,925.2518004179001,2016
1707,839.1547131240368,2016
1708,860.4856144487858,2016
1709,678.0284046679735,1665
1710,552.9597442448139,1260
1711,484.5292854309082,1097
1712,651.8437930047512,1882
1713,860.5327301025391,2016
1714,856.4679417908192,2016
1715,466.3527348935604,971
1716,795.2388234436512,1853
1717,996.5727885365486,2016
1718,318.6209039837122,803
1719,764.1171907633543,2016
1720,99.45624721050262,232
1721,219.37810254096985,518
1722,846.9090316593647,2016
1723,96.64994731545448,182
1724,220.9472797513008,516
1725,240.37640038132668,518
1726,234.52496081590652,519
1727,307.60343185067177,630
1728,0.4957748353481293,3
1729,155.25178742408752,410
1730,201.23650515079498,520
1731,830.3423194885254,2016
1732,810.0082566440105,2016
1733,350.09627747535706,811
1734,449.99089816212654,980
1735,215.48497784137726,415
1736,666.4405371397734,2016
1737,466.41742964088917,1091
1738,585.4210801273584,1381
1739,648.6639956384897,2016
1740,788.1540032029152,2016
1741,303.495930865407,669
1742,798.9338436424732,2016
1743,268.8045566678047,517
1744,106.55516085028648,229
1745,821.5577709972858,2016
1746,230.0740940272808,517
1747,351.0579216629267,807
1748,200.79529136419296,417
1749,234.43848586082458,513
1750,221.79929140210152,514
1751,779.4071029126644,2016
1752,850.6248172223568,2016
1753,516.2815856039524,1100
1754,424.1172241270542,1095
1755,233.8649797141552,503
1756,111.49108031392097,234
1757,231.7091156244278,517
1758,428.22977317869663,1088
1759,184.32951119542122,402
1760,849.74524512887,2016
1761,210.1819778084755,516
1762,802.814849883318,2016
1763,169.44435474276543,374
1764,221.2195561826229,521
1765,874.4135403931141,2016
1766,233.5330584347248,508
1767,406.19173949956894,960
1768,238.06573140621185,515
1769,631.3839049041271,1385
1770,215.71380457282066,518
1771,241.65649789571762,450
1772,264.1820458769798,590
1773,0.4234320670366287,3
1774,337.50934687256813,723
1775,321.8828544616699,803
1776,370.9886890500784,807
1777,225.38060039281845,521
1778,164.12175157666206,377
1779,349.4713445305824,803
1780,320.41256791353226,806
1781,217.86756831407547,516
1782,482.9853575527668,1014
1783,722.7417225390673,1673
1784,863.2273325324059,2016
1785,711.637291431427,2016
1786,398.13965889811516,808
1787,807.3956009298563,2016
1788,851.5008425116539,2016
1789,810.2618786394596,2016
1790,180.7972773015499,378
1791,585.780288040638,1387
1792,504.723400965333,1256
1793,539.79409340024,1380
1794,42.29490527510643,175
1795,635.386276870966,1381
1796,790.9515709280968,2016
1797,383.3046918809414,953
1798,221.88495582342148,510
1799,906.2369490265846,2016
1800,849.2431951016188,2016
1801,107.65555167198181,235
1802,754.1784421205521,2016
1803,527.3033024966717,1245
1804,869.9891782402992,2016
1805,903.3564877510071,2016
1806,461.7346364110708,1095
1807,667.5391731262207,2016
1808,350.2258930504322,811
1809,798.1612967252731,2016
1810,0.5408876240253448,3
1811,378.3005535900593,805
1812,509.2558002024889,1276
1813,499.26132702827454,1269
1814,228.3136015534401,511
1815,400.7628153562546,951
1816,217.8695685863495,515
1817,649.262748554349,1535
1818,412.31136628985405,961
1819,433.8988820910454,1093
1820,361.65500186383724,802
1821,614.910785779357,1380
1822,844.2909364998341,2016
1823,222.8966307938099,519
1824,365.819629997015,816
1825,478.03515565395355,1095
1826,742.3667679280043,2016
1827,346.52673844993114,797
1828,432.47069185972214,1094
1829,469.2138964831829,1086
1830,812.6580386310816,2016
1831,298.59690058231354,522
1832,848.16744607687,2016
1833,165.88775423169136,377
1834,511.4302353858948,1088
1835,854.8191078007221,2016
1836,601.1543066054583,1382
1837,501.5537968277931,1098
1838,396.1106494218111,808
1839,227.00834760069847,517
1840,920.2884534299374,2016
1841,444.1065626293421,1060
1842,230.79183253645897,512
1843,863.756081700325,2016
1844,377.75188875198364,803
1845,228.39020651578903,518
1846,339.42651891708374,802
1847,817.3334108442068,2016
1848,486.88356879353523,1089
1849,682.8699833601713,2016
1850,233.134989798069,512
1851,546.3038070350885,1552
1852,95.9388538300991,375
1853,729.6269769370556,2016
1854,167.77657532691956,523
1855,540.2903355509043,1281
1856,334.59981110692024,803
1857,253.9060559272766,519
1858,209.672098711133,516
1859,350.7285712957382,801
1860,819.33771443367,2016
1861,860.5785072594881,2016
1862,851.9371504485607,2016
1863,866.2275248765945,2016
1864,348.9251170158386,801
1865,477.3797822892666,1082
1866,205.63183119893074,511
1867,175.28628593683243,384
1868,234.66670081019402,526
1869,786.1196726262569,2016
1870,206.48672086000443,520
1871,0.5243327915668488,3
1872,809.3660184442997,1961
1873,230.44492107629776,518
1874,466.3557805120945,1091
1875,808.3794379532337,2016
1876,228.36026594042778,513
1877,485.52059975266457,1094
1878,392.7875063419342,980
1879,498.3615472614765,1244
1880,259.81182834506035,525
1881,532.3157326877117,1101
1882,84.85087904334068,139
1883,202.00873509049416,516
1884,652.5318239331245,1659
1885,237.59788644313812,514
1886,420.1983611136675,1000
1887,450.94541838765144,1087
1888,224.83611768484116,518
1889,238.79212296009064,516
1890,246.13292035460472,522
1891,770.438618004322,2016
1892,680.2450036257505,2016
1893,277.314774364233,522
1894,51.45773375034332,127
1895,502.498100027442,1097
1896,380.9080348908901,974
1897,762.1969120949507,2016
1898,544.5662226527929,1375
1899,177.59525752067566,385
1900,609.3252842873335,1380
1901,217.60675121843815,517
1902,612.9149171411991,1372
1903,347.11578810214996,804
1904,826.0656394809484,2016
1905,351.42004096508026,807
1906,867.4878738224506,2016
1907,354.9713434576988,801
1908,404.7921960949898,954
1909,776.6608294844627,2016
1910,339.47956070303917,805
1911,592.1125139892101,1277
1912,70.21016082167625,125
1913,869.2507695555687,2016
1914,477.812413841486,968
1915,367.1507516503334,801
1916,230.9419947564602,515
1917,412.2685405910015,953
1918,459.4954586625099,982
1919,815.2902028560638,2016
1920,364.3505878150463,801
1921,221.48354667425156,506
1922,859.2914969921112,1948
1923,665.6877252757549,1633
1924,244.25250926613808,509
1925,376.4701241403818,1085
1926,857.1703406870365,2016
1927,526.7107522785664,1101
1928,559.6323821693659,1379
1929,232.58781680464745,519
1930,542.2117540985346,1505
1931,225.31090006232262,514
1932,177.7305354475975,374
1933,782.0861584991217,1858
1934,740.3232563585043,1740
1935,728.2492563426495,2016
1936,240.4203477203846,512
1937,849.6950460076332,2016
1938,486.11233803629875,1097
1939,257.41595067083836,516
1940,722.7458572387695,2016
1941,455.34054808318615,1089
1942,800.1575158238411,2016
1943,265.51016795635223,806
1944,825.4637960344553,2016
1945,246.92964312434196,515
1946,799.0137325227261,2016
1947,307.55849158763885,768
1948,483.39328518509865,1096
1949,887.1048239469528,2016
1950,779.5341993719339,1898
1951,817.2578972578049,2016
1952,228.5856665968895,520
1953,217.43310868740082,515
1954,880.59538012743,2016
1955,228.32075208425522,511
1956,239.2150197327137,523
1957,427.2865976989269,1078
1958,613.9542555361986,1379
1959,819.5508615374565,2016
1960,817.5103740990162,2016
1961,501.7095558345318,1106
1962,379.212809920311,818
1963,895.1109964847565,2016
1964,411.54251466691494,1099
1965,772.1756861209869,2016
1966,443.434859842062,1087
1967,822.9410215765238,1863
1968,218.04527446627617,514
1969,245.46931022405624,514
1970,381.5575936436653,802
1971,923.8356270194054,2016
1972,147.63897478580475,519
1973,217.52131244540215,512
1974,788.7575798928738,2016
1975,203.5823131799698,809
1976,361.8658351302147,1091
1977,787.6174793094397,2016
1978,766.6502231061459,2016
1979,271.7905651628971,694
1980,230.14280605316162,520
1981,829.6899569481611,2016
1982,255.60960218310356,516
1983,652.6956861317158,1597
1984,727.4431681036949,2016
1985,506.48231905698776,1375
1986,245.2697498500347,517
1987,574.4737700819969,1269
1988,209.45574763417244,486
1989,437.41146314144135,1086
1990,245.35551312565804,519
1991,235.53769955039024,523
1992,532.9816132336855,1526
1993,793.8374404460192,2016
1994,786.6755515933037,1946
1995,865.79915574193,2016
1996,353.64092069864273,807
1997,934.9055912494659,2016
1998,209.58898615837097,517
1999,828.143736153841,2016
