Episode,Accumulative Reward,Length,Avg Cost,Avg Renewables Utilization
0,46.37717518210411,126,324346.3574603175,51.65308327628736
1,0.4218784272670746,2,304296.00000000006,33.333333333333336
2,20.16989654302597,49,304616.64285714284,27.437480279751764
3,37.339570105075836,95,316497.79347368417,35.390825195023424
4,55.11130973696709,139,304413.74791366915,55.85986685347613
5,60.52573907375336,156,293239.69269230764,57.19797712548818
6,134.32543513178825,359,306282.9691364902,48.61608216379308
7,5.286488890647888,15,324443.648,28.045865639038094
8,1.0805347263813019,4,332132.525,21.721383226415732
9,57.29754889011383,125,267920.85631999996,50.63996189755356
10,16.684383392333984,40,300781.6895,28.167064400270988
11,65.9961833357811,135,266136.9431111113,52.02486626952433
12,0.0,1,292872.60000000003,33.333333333333336
13,15.608588874340057,38,303666.3510526316,24.072798320751154
14,204.6861525774002,518,311717.84656370664,57.92754924132576
15,152.33349338173866,406,316882.11083743814,51.91148282727926
16,149.05455884337425,401,318732.3470324189,52.937085499538256
17,181.48475868999958,506,327330.71999999986,57.23833397123775
18,115.78371313214302,318,309785.033081761,53.51694360672018
19,0.0,1,361653.6,33.333333333333336
20,58.55190593004227,147,300865.69102040806,55.25949174597452
21,3.09700807929039,8,298054.215,26.27789699244707
22,143.6327567398548,376,305631.6582446809,51.930722399378865
23,71.46454802155495,159,287101.51471698115,56.7834325055297
24,82.67895591259003,185,280347.1856216216,62.14277811921533
25,15.272241592407227,40,317918.67149999994,25.998585780689275
26,3.2462134063243866,9,308011.7844444444,25.827035431292796
27,0.0,1,315127.24,33.333333333333336
28,3.0172407031059265,9,327965.5844444444,26.461403677532587
29,116.58290192484856,314,324095.6820382167,52.673903215101234
30,147.293974339962,428,322079.98322429886,56.1454047696564
31,0.0,1,369053.56,33.333333333333336
32,195.1983906328678,511,301970.9178864968,58.05892857799313
33,41.62677550315857,99,302185.61636363633,39.99886659262626
34,50.1408274769783,125,312756.76288,51.73037243704592
35,58.58529895544052,153,316711.5661437909,58.87319063940222
36,240.65837320685387,716,326087.68321229046,55.358593187452556
37,73.7570239007473,161,282985.95229813666,59.97740480790731
38,46.557462483644485,119,305675.30033613445,50.45188397749471
39,141.7783716470003,391,326480.39043478225,52.0127738671531
40,55.1881642639637,129,284492.3389147286,51.87277556898187
41,169.08625727891922,378,286784.66973544983,50.30138582538446
42,57.165859431028366,147,299443.4831292518,54.57792767430486
43,19.150401204824448,43,284941.9372093024,27.976223996175392
44,48.22791329026222,122,315416.7152459016,50.190944353721335
45,96.84939689934254,247,318017.62817813776,59.32825743313508
46,50.31621113419533,135,326244.3398518518,55.336920563818936
47,314.95192047953606,802,303513.77521197026,58.51558791779635
48,1.3914069831371307,5,342903.92799999996,29.572416171957116
49,71.94322848320007,147,263722.511292517,55.14367466502726
50,201.53217539191246,516,303959.36573643424,58.76868855299343
51,92.19429403543472,224,284930.36062500003,62.071635417460975
52,40.92806574702263,85,260644.9458823531,32.059205181988304
53,0.7056174278259277,3,338266.36000000004,23.481732921688888
54,64.06995043158531,145,285674.5754482759,53.91734002145926
55,183.56038036942482,413,283570.0020338981,52.87942079790954
56,74.17279496788979,165,286195.56157575746,63.953826216284604
57,191.17942182719707,511,315111.11643835617,59.08305894100964
58,136.08001628518105,384,330801.9978645838,52.00195219881693
59,5.616863250732422,14,299907.7371428571,33.29186747703516
60,249.93225148320198,580,289652.42037931026,55.07883592313083
61,87.06527668237686,213,309352.06723004696,65.16086908261619
62,0.5723285973072052,3,346660.7,33.333333333333336
63,103.13778054714203,209,261849.0578947368,65.44381314706726
64,210.5816157758236,518,301960.1245559847,57.43287380226191
65,251.1547879576683,753,332258.0679150068,57.63116835433084
66,54.20343491435051,130,292425.16723076924,51.971858785744956
67,55.99644312262535,123,281822.76032520324,47.93862952581306
68,205.83853912353516,513,289483.14436647145,58.47360067955769
69,53.93269982933998,106,254550.95094339634,39.67222141778071
70,17.20922413468361,36,267191.6844444444,32.57708155837119
71,10.515896081924438,23,274429.0330434782,31.813009720344944
72,30.49055525660515,71,293076.56788732397,29.06471289007396
73,17.312715977430344,43,302014.8958139535,30.426847047204525
74,28.280194371938705,58,265806.2568965519,31.37375858673309
75,188.2206002175808,423,285812.73021276575,56.27777734644974
76,27.07104143500328,61,288481.60754098365,30.787199488932945
77,208.52193814516068,513,282981.70990253397,58.54323734842416
78,62.6225426197052,124,257888.9824193547,46.91806720763321
79,62.836780697107315,143,281343.688811189,54.94997924797464
80,211.72145715355873,517,301429.66324951634,57.92480163336896
81,190.31761264801025,432,279832.9778703703,54.54084581164379
82,74.50802332162857,164,281364.13256097573,59.541602952412156
83,2.2875525057315826,6,294419.64333333337,33.333333333333336
84,288.8077676296234,657,283669.2765905634,51.26262332780488
85,29.624581515789032,65,277996.38307692314,32.01623619083126
86,31.444299191236496,66,262910.3215151515,31.22042087725302
87,5.2602677047252655,13,296415.7446153846,26.73168213376569
88,22.618198037147522,48,272788.3095833333,31.12243919914698
89,25.966388553380966,60,293241.15533333336,29.445752801665904
90,79.23201996088028,164,269925.7292682926,62.365980137402204
91,189.8324013054371,500,298576.5659599998,59.569918781912534
92,181.13155636191368,441,285137.6226303853,55.217519452158776
93,104.61127841472626,234,286635.43410256394,62.237282899129916
94,209.802219748497,434,264148.1410138248,55.82357529806264
95,170.13128849864006,418,309342.6511483252,55.10120704221296
96,231.71898272633553,521,279396.1828023033,58.02790430009876
97,76.78453785181046,174,261279.25896551716,63.509894403965646
98,260.11549162864685,665,293706.8618345863,51.9858570790765
99,67.34746825695038,140,270752.32542857144,54.132569356428526
100,230.29257664084435,527,289792.0514611004,57.67401081847036
101,192.90467357635498,427,272303.2140515223,55.42633845431567
102,262.91654950380325,712,304865.17387640494,55.28710126921286
103,31.58654296398163,68,277925.6491176471,31.788117063329498
104,225.03677651286125,483,279398.4954865427,60.173850029713435
105,73.20723882317543,128,222745.0442187499,53.707308271909426
106,54.41670262813568,104,248006.11711538478,41.97896876084691
107,328.0986540466547,800,299032.53349999996,57.35676455955061
108,15.536485522985458,41,320870.25219512195,30.021057490651906
109,305.6162797510624,669,272595.7642451421,52.99898534492749
110,288.62417367100716,664,274602.7590963854,52.895327523691144
111,195.1914895772934,412,275338.15480582527,54.00999268680879
112,340.33088794350624,803,286779.64034869196,57.64846861692369
113,208.63001450896263,436,269299.61660550436,55.91323683121352
114,217.7166968882084,506,289379.5123320158,60.30242258742378
115,756.1317388415337,2016,280731.05665674666,57.74614397391431
116,436.5562294125557,1097,292221.5869644484,57.813937279130336
117,224.4091541171074,507,271602.48216962523,59.97848639548873
118,220.341987490654,443,226995.73742663654,58.582869066151424
119,323.34739604592323,807,298262.22344485816,59.16867318291013
120,210.6617622077465,419,236963.29183770876,56.585187034872845
121,433.20516619086266,1000,231295.6404399997,58.1660206141002
122,174.75731471180916,519,279730.35306358384,60.30036671556418
123,213.41904869675636,439,249967.273075171,57.770890642828704
124,764.8377366065979,2016,301025.54552579316,57.21328883829196
125,227.60147467255592,513,288252.12534113054,59.94588720871872
126,170.65582075715065,374,273100.75518716575,51.13823595007805
127,62.46622210741043,127,243094.1840944882,54.71735115879584
128,344.91907051205635,811,272741.90865598054,59.962688989159844
129,738.6243612170219,1868,299474.11233404715,57.37535565502885
130,237.03178572654724,507,270614.552662722,61.57898130628973
131,853.382578253746,2016,294151.91824404773,57.809309208020345
132,317.6124050319195,810,270030.79372839513,59.6063922625085
133,164.93187630176544,514,262364.874163424,61.54638324468875
134,357.16881930828094,975,240135.10584615378,57.10501664715966
135,707.4771575331688,2016,255316.19018849227,58.32418681052098
136,282.7163824737072,805,280066.83145341603,60.79048988038296
137,173.67580789327621,522,274799.6751341,60.99194935083556
138,217.6192343533039,512,263697.6480078124,61.67621890679973
139,180.01605427265167,383,239928.95378590093,53.33849388929099
140,216.92626890540123,518,275747.0924324326,60.95636563820458
141,398.2656335234642,1095,277189.00657534256,59.80188235360615
142,664.6804574728012,2016,289696.75141865126,58.363873174292934
143,172.07836988568306,424,243970.0057075472,57.24597984499932
144,691.037511959672,2016,298926.0230555554,57.497248280815086
145,198.30582424998283,518,288634.3816602318,60.637048398393404
146,151.2652114033699,389,272176.0546529565,53.624436706318725
147,43.24994048476219,409,217759.16288508542,49.73487268686763
148,154.65840443968773,504,285469.9755952381,58.738592248414825
149,180.46644812822342,518,278425.38749034755,59.483301734463886
150,252.460613489151,1061,292547.88081055635,59.44619199914217
151,273.61804670095444,1377,291658.28133623785,57.84056430992983
152,450.7335498034954,2016,292145.94052579324,57.27117451574584
153,417.91101038455963,2016,291713.8890277774,56.44249260726606
154,173.88920015096664,908,272716.85746696073,55.62551939160315
155,212.2169748544693,861,270201.27038327523,57.53166721067716
156,384.43725138902664,2016,284564.8698214286,58.15107111069246
157,120.20200988650322,807,285531.8347211896,54.70134996027473
158,161.13221377134323,1094,306091.10552102403,59.313713006628085
159,370.6513569653034,2016,289962.4181349205,56.98367579036055
160,238.6280339062214,1085,285733.6364976959,56.981937599211676
161,351.9079920947552,2016,294004.5686805559,53.54138929718428
162,55.752978667616844,512,300197.944140625,57.56794285425576
163,173.58337393403053,512,277448.22226562497,59.7155744337689
164,0.619223028421402,3,340285.54,12.042875231436463
165,291.0497091412544,1654,280130.5923458275,56.7012486387282
166,95.16660192608833,519,301289.06497109844,60.26515373088051
167,57.63843923807144,281,231028.72320284706,59.11479276828229
168,125.89770591259003,380,291380.6576315794,52.0286388858709
169,73.47443902492523,363,265546.00446280994,50.91729404427315
170,227.7365379035473,1089,308859.0964554634,53.7807160016123
171,359.8812737464905,1394,297756.44784791983,53.91238263228638
172,302.21065029501915,953,264354.5169359918,54.63989415002728
173,141.0682644546032,690,269438.13788405765,54.730101056634695
174,118.7092123478651,516,289515.990232558,61.11957670470093
175,28.18165150284767,119,219783.57865546222,41.097169115103426
176,0.5374096632003784,3,366565.3933333333,12.538343234384653
177,65.00136530399323,518,277796.3106949807,60.87403471288309
178,129.58494591712952,506,252287.97130434788,61.774121195026964
179,216.90563669800758,991,288764.5702320887,55.32190525948178
180,207.74301967024803,660,265297.02930303005,51.24566149487655
181,69.76867631077766,486,295791.72246913577,60.986839482519954
182,57.86994159221649,118,265477.8925423728,51.475172981237
183,208.21880263090134,519,267415.1509826588,61.254667465688705
184,136.5117399096489,518,286951.58667953685,58.795812580630056
185,444.7497281730175,2016,294734.28514880943,55.082918689648785
186,200.12535114586353,807,290675.20570012415,59.592595128680614
187,16.267574071884155,55,246309.9225454546,32.30347649627167
188,20.443988651037216,43,258562.27906976748,33.33333333333333
189,211.5949229300022,806,285144.5904962778,59.60482610167173
190,50.16814038157463,116,230792.9506896552,45.103673487969886
191,38.91224744915962,513,282700.36409356707,62.10694906568508
192,29.21051251888275,68,232853.25058823524,32.97128741341461
193,96.64777266979218,571,292104.4780035025,59.09525756022886
194,417.01161274313927,1668,298277.02700239775,56.8522723247823
195,218.64606714248657,805,286950.7702608694,60.52649719209892
196,129.44529324769974,447,266587.2787472035,58.74749804026356
197,339.09027048945427,2016,298009.9555357144,56.69709507342388
198,362.90608564019203,2016,285957.13415674586,57.945044375149365
199,454.2465785741806,1691,299382.5795505615,55.887870031675384
200,43.00477635860443,180,209082.55738888885,67.5584195805477
201,138.5780991613865,514,289177.42591439665,60.35974621331809
202,146.99541306495667,947,289355.0013516368,52.290860284718455
203,129.26444327831268,423,275050.5905437353,57.40316326270978
204,248.2425560951233,768,292367.8101562501,58.821951773927886
205,184.05650901794434,1377,285777.55379811215,58.621233496843296
206,253.33371061086655,1549,282723.43114267295,56.653324976430056
207,51.733831971883774,374,280351.2546524064,45.186228510714706
208,62.41254657506943,696,288414.3172126432,50.46829511749237
209,12.483100146055222,242,244826.4235537191,53.62764882371687
210,141.68849563598633,759,269762.4251646907,58.56110306874981
211,245.51772052049637,1177,287579.2592013595,57.04604277707975
212,390.44627636671066,1744,284210.5612385327,57.72988345979237
213,115.871407777071,512,285996.23609374976,60.654781796356545
214,296.772555321455,1241,285972.2956809022,55.45218667468093
215,139.65022978186607,774,302551.0767441859,60.52507315093255
216,269.7122252881527,811,292378.5692971643,57.12083867728034
217,172.46917060017586,808,288317.53903465293,58.441624585247965
218,415.21510387957096,2016,302910.28289682616,56.13668746468444
219,47.97622016072273,419,283162.23861575156,54.45450802533413
220,102.02570366859436,416,275260.00471153844,52.36503789999336
221,156.80214607715607,1271,303925.6730133752,53.950930182875766
222,171.01902151107788,803,308235.727721046,57.527886707749396
223,112.5392627120018,414,267927.2281642512,56.117179315669766
224,121.02908992767334,714,284508.6664705886,54.988123939277465
225,443.97423273324966,1276,291489.19926332275,57.22118831767492
226,318.1338594853878,1530,298325.837098039,55.74225732331089
227,129.90675449371338,515,283701.6704077671,61.395872059264754
228,126.87521344423294,513,279939.19052631565,61.33680519678118
229,17.76482218503952,515,305304.7169708739,57.20080988285127
230,131.86586192250252,420,255369.75442857138,56.21358577370574
231,184.84286418557167,1287,301320.15314685303,56.31390397014382
232,120.97458589076996,282,238591.42418439724,57.200475559468344
233,317.830040499568,1385,295378.1753935019,58.79277144366396
234,175.91544339060783,707,279411.38854314014,53.38035585034589
235,393.92987009882927,1417,284974.62239943515,56.945978570528645
236,132.85276982188225,511,270090.18500978476,60.54059132042592
237,165.74411556124687,518,275064.1288416988,61.06313312548278
238,210.27769860625267,773,279585.4984476069,60.879375910413316
239,306.8431524634361,1668,301760.2493884892,57.471329884514844
240,93.82287386059761,392,266434.86428571434,48.710825796885445
241,224.41912159323692,1091,293441.5747937667,58.576550429503776
242,361.89335492253304,1670,309764.9008622752,59.223863665602195
243,93.82486003637314,485,294141.7612371133,60.87324057156213
244,424.21756516397,1666,309790.18381752743,56.578654927812856
245,372.5647145807743,1097,290577.46884229704,58.55269092944192
246,261.50254186987877,984,262270.25282520335,57.36493290547357
247,187.59302058815956,513,287382.1527875243,57.744693595237564
248,179.22387063503265,670,290059.50295522367,53.23677166659718
249,153.5407221019268,788,299539.53258883243,57.12984792143659
250,178.67912605404854,805,294489.4615403729,57.99722800338037
251,217.61499509215355,1091,294406.4342804764,59.232407317433385
252,123.94454115629196,467,281300.3383297645,60.94411143150423
253,320.85477009415627,1583,312155.37954516755,56.99056382053616
254,249.75283762812614,1022,287602.668590998,55.432751354054645
255,34.783855468034744,115,253080.43286956535,48.99000584904199
256,65.15471240878105,125,249540.4792000001,51.443230818097064
257,67.26877203583717,238,256820.88344537804,63.060042298025635
258,245.19954285025597,799,296060.01128911105,57.646562537196445
259,215.6441811621189,1087,286587.75332106755,56.92409800754235
260,279.64305105805397,1088,300574.6487683822,56.87812184398077
261,84.49091327190399,659,221965.3764188163,52.7892775625612
262,150.0524670779705,508,269812.45216535445,59.16685360546632
263,408.64924028515816,2016,306360.8373313495,55.86136542476942
264,260.63004061579704,1077,278277.1110677808,57.350201287164026
265,232.58727329969406,581,264229.5559036144,56.713132094008024
266,18.678509831428528,156,267481.4176923078,60.09994070625931
267,304.3283338099718,1548,306891.8853875964,54.93882820255805
268,186.01413011550903,1085,286947.7880184327,59.18602027173145
269,179.49071216583252,789,268089.9946768065,59.21864971291693
270,114.95392659306526,451,282697.9385365853,56.24800582843137
271,293.0604885816574,1137,286225.50972735253,55.63912028831746
272,243.18071672320366,1381,305762.95187545236,57.2819106495701
273,257.77699238061905,1094,304894.17162705644,56.47233153803854
274,181.51670572161674,517,276221.2484332689,59.98129917474044
275,48.04627442359924,98,246001.1746938776,41.29183256413809
276,155.48663678765297,811,296210.8787916155,58.3940457649093
277,101.19157811999321,403,224174.70429280412,53.19913098263543
278,0.5372852385044098,3,358543.01333333337,33.333333333333336
279,109.52859064936638,519,274990.3253179191,60.07228973288618
280,41.50352901220322,158,262408.0154430379,62.06541539547177
281,218.36523047089577,812,291040.4573891623,60.15970165062587
282,399.27511870861053,2016,304234.86369047547,57.18682392733778
283,344.86300921440125,1302,284439.0481105989,58.69006732063636
284,46.160009771585464,136,272137.24705882353,56.820428289986054
285,353.1848583817482,1362,304686.0602055802,58.78260688964845
286,170.58094999194145,518,245205.21003860995,59.59099418338851
287,291.53912341594696,1264,296319.1406487345,55.07252636934248
288,128.57512828707695,485,282036.98119587626,60.01018733609409
289,455.7314819544554,2016,307057.5015972225,56.04899166666466
290,144.94632428884506,520,287848.56742307695,60.21815877136435
291,251.97247904539108,961,294498.1975650363,54.37595793764337
292,77.24102890491486,425,299043.90649411746,56.31464902821738
293,163.77493642270565,676,295712.76834319555,53.81229271776986
294,86.4795572757721,515,281168.12108737865,58.0591147575722
295,223.5493611395359,673,287337.87355126295,54.95842347270484
296,176.22298243641853,518,287899.2132046334,59.31560999523215
297,165.1618572473526,519,264695.06235067453,57.42351868398736
298,549.8629641979933,2016,304240.42418650695,56.46017596399253
299,67.75510609149933,152,269206.51473684196,61.894536598156826
300,264.3987319469452,1093,282172.72609332117,57.890629735054254
301,219.1339699625969,706,280683.08042492915,53.47748784786091
302,25.08155968785286,48,246690.1166666667,31.69217280432315
303,35.150342375040054,147,262368.7727891156,58.06055519962782
304,160.8837449848652,406,223422.65620689662,56.51146865157078
305,46.658332914114,234,298216.78803418786,59.31735687715125
306,351.77987146377563,1247,308233.6041860462,54.83110008474937
307,20.85147500038147,258,284033.990387597,60.928405210488044
308,143.78157205879688,522,273643.0747892722,56.55083412539329
309,184.63751350343227,531,296252.9924293787,59.74860332618386
310,199.23399582505226,738,284766.3110298101,56.65960540950712
311,157.7255652397871,516,289568.0964341084,58.45219419541823
312,242.72717267274857,809,258041.0553522867,60.06149005231865
313,519.5441402196884,2016,293564.1729464282,55.76556111993487
314,608.3446829020977,2001,276839.9728435783,56.66230425913953
315,598.7364539504051,2016,289685.13875,56.31046542038644
316,193.39240700006485,809,297833.3531520394,56.23064369949209
317,216.39425855875015,796,289696.0142713569,59.90391267877719
318,32.36910244822502,69,275210.6626086956,26.10323063398489
319,214.90891674160957,1087,303523.15087396523,58.090730826409256
320,274.61769595742226,806,259300.59548387132,59.09682886214369
321,26.72988185286522,229,283615.0891703056,57.67964095257883
322,197.35921612381935,512,285407.7006640627,59.6226366930608
323,102.89476725459099,319,263741.89673981164,52.65588685066209
324,426.7872728407383,1383,301174.3192335503,57.467560302156016
325,152.2146318256855,517,277766.13152804674,58.080773507419224
326,143.98548942804337,521,299891.6213435701,58.36774056643913
327,300.7903424203396,1227,314187.87952730263,54.171886673421085
328,426.1167684942484,1911,292125.03704866517,57.766268471502144
329,342.95933333039284,1536,273943.3133203123,55.52175085067487
330,408.0560521185398,1581,304216.12872865313,57.87296783910676
331,245.80173432826996,934,281787.71177730174,56.13699209164491
332,74.62603941559792,283,252961.5758303888,55.85279160149208
333,177.9718154668808,517,281455.8540038683,59.51759109480435
334,186.89859917759895,845,291031.463810651,56.895973021172026
335,518.5180315077305,2016,303148.0691269839,55.9321426244209
336,193.78505113720894,775,295846.50270967715,58.978089220799745
337,196.39481449127197,521,279176.3676775433,58.07939027783592
338,318.017805069685,1460,306104.3645068485,56.41375668148535
339,22.29256534576416,113,242591.62247787608,45.2932472651926
340,268.02717712521553,809,290364.1028430159,59.61997973558486
341,202.49618384242058,664,292555.12882530125,51.511110311292654
342,113.08031317591667,505,285956.01623762376,60.076189951821384
343,189.47638496756554,803,285376.2820423414,57.948156419687905
344,134.25893658399582,375,283178.6944000002,50.153108887332
345,128.60818910598755,642,276164.3688161993,55.853927381761224
346,449.8011754453182,2016,304598.78995039716,57.567954698769334
347,82.6181708574295,417,247665.13328537185,57.42305261191715
348,517.7795649170876,1850,289863.5461405411,56.69799935633584
349,200.6798433661461,643,283615.98877138406,54.78984053793754
350,136.78308793902397,514,309876.013618677,58.69755110809005
351,198.7365044951439,978,273727.3729447853,57.535157575220154
352,152.9703384935856,427,277093.5635128805,55.50714485213998
353,407.96796706318855,2016,284253.8073214285,57.1021008904885
354,140.39950454235077,518,284619.0691891894,60.453923456309035
355,313.3545427173376,813,276002.49544895464,59.01805610065447
356,31.595933943986893,132,302537.2218181818,45.02140713215256
357,38.2056240439415,112,233439.0958928571,45.28675665697459
358,18.793763786554337,383,287789.6633420367,51.95199619546125
359,187.0891820192337,665,255209.3053834588,53.68588449419555
360,174.22711074352264,405,255740.360888889,54.03808829403392
361,91.30967974662781,329,231551.31191489368,49.380021141205226
362,142.34801921248436,423,255252.1549881796,57.60182191544967
363,92.06884860992432,379,239569.30638522413,52.86363461998209
364,513.387154057622,1673,287724.35203825484,57.29701978835004
365,259.25969633460045,808,259637.27900990113,57.608154551794094
366,323.0303662121296,1294,280288.70650695486,55.55527400846872
367,296.65964525938034,808,284513.8549009903,57.67913354198757
368,488.1970351487398,1383,301978.42964569776,57.24654433726811
369,126.95212349295616,513,299013.58818713453,59.03768645511909
370,280.4272736310959,847,274951.4391263283,56.39882501443812
371,71.73260244727135,492,215571.2828048782,61.04243383899637
372,170.0407910346985,413,252579.69341404364,52.833217168044726
373,150.80110186338425,515,277343.48854368913,61.03784604283178
374,419.2294054478407,1669,302641.38469742384,57.442502111901895
375,537.1147153377533,2016,297956.0302579361,56.87234194551683
376,83.61032205820084,369,292277.37929539284,46.119066206351405
377,665.0003531575203,2016,298123.93609127,56.137709208186806
378,381.58622547984123,1534,304395.7091134297,54.11547593038421
379,175.15379923582077,614,294445.17863192153,55.06891719925719
380,289.6369421184063,998,264066.68807615206,56.888034642602186
381,78.51747432351112,384,305870.7972916668,43.38080491851901
382,90.90554152429104,808,304139.8419059405,60.587115356006535
383,141.81415635347366,388,273582.3422164947,52.351182024944706
384,187.7672691643238,517,276173.4057253384,59.51765257560909
385,50.62945285439491,156,277120.9047435897,56.550004229988026
386,212.93859806656837,663,286468.77257918566,51.898555900469795
387,30.84680825471878,232,273563.36862068984,55.01587673678664
388,23.664281845092773,110,308722.53672727273,45.75217972555956
389,342.79663693904877,989,299050.9553488371,54.37289970644841
390,0.6272262036800385,3,348306.60000000003,33.333333333333336
391,249.9248031079769,804,301949.782587065,56.31699820201277
392,221.44898754358292,806,260883.13245657564,59.43686342937323
393,11.659541726112366,26,280134.23538461543,32.16001717105815
394,574.7091191709042,1891,285489.1926599679,56.96508067019369
395,312.883359760046,1282,287328.83839313546,56.14335317058789
396,85.81974905729294,236,271686.2938135592,61.665066410973125
397,73.17404121160507,154,273407.6377922077,54.84141882882368
398,557.1622563004494,2016,263779.85068452393,55.97335308399615
399,183.05391943454742,810,293646.1818518514,56.352671566423275
400,565.564196318388,2016,303056.74256944435,56.27315326738275
401,159.18637377023697,430,284482.91641860467,56.551947578782965
402,24.28216189146042,235,262934.70621276594,64.00868913313707
403,114.49174973368645,375,280170.8301333332,50.856656642239734
404,555.5389207154512,2016,301035.26255952346,55.70204521754864
405,275.2008017003536,825,285305.42329696956,58.81752430455588
406,144.89163371920586,428,274325.92182243004,54.56540998546382
407,579.5323322713375,2016,295438.92857142835,56.99808341210684
408,625.1103461682796,1892,284221.58221987315,57.803704233433784
409,311.4698353111744,804,276474.9893532339,57.838613920376716
410,210.2720337510109,809,286426.22440049436,58.3027606072086
411,0.5858832895755768,3,355066.98666666663,33.333333333333336
412,516.7325449883938,2016,303058.1734226188,56.11052346452645
413,115.19634753465652,515,300775.532854369,61.954320360824134
414,152.0775999724865,498,298791.20843373484,58.368703255311885
415,55.35400518774986,380,275995.8375263159,54.15457133124068
416,610.4891555905342,1979,290644.43601819035,56.94972009317237
417,289.34589460492134,971,273524.4054994851,54.19713334192945
418,554.9938684105873,2016,289489.3988789682,57.0315254082108
419,514.4167855381966,1605,288014.6050965733,57.505491930577755
420,485.53848946094513,1699,296498.0620011769,56.51639026793781
421,349.81885835528374,1080,304013.065796296,56.7773624525587
422,403.37833884358406,1386,301176.21971139975,58.740810240523636
423,183.025930672884,485,269345.1641237113,61.98300567374716
424,275.95096714794636,803,284002.552229141,57.39863288353381
425,251.0888341218233,1028,295631.26548638096,57.02267491026558
426,401.0148328244686,1275,277772.59201568674,56.14892169795463
427,167.47048307955265,797,302882.44188205764,59.66017711462748
428,460.35833007097244,1672,288316.36697368417,57.60661614491519
429,348.39795222878456,1529,306621.53174623963,55.59457136481476
430,34.81473350524902,74,255370.04000000007,32.43776627086533
431,195.71080246567726,804,303803.13741293526,55.79612786708208
432,80.00621113181114,514,302224.27980544756,59.0251034853145
433,241.50259670615196,807,290286.48047087993,59.56413702559998
434,414.6103817522526,1741,300469.7412981043,56.07879320802769
435,177.7331122457981,522,298420.64413793094,58.18583059737544
436,228.88195610046387,724,285109.00143646443,56.093225551174285
437,248.097277790308,803,294837.1024408469,59.61065691408925
438,325.1181363463402,958,287246.6145093944,54.62892002740658
439,347.3368335068226,1371,284799.32364697277,58.66474524615181
440,109.62195619940758,1059,348684.86466477864,60.441324433500895
441,170.30824980139732,535,255432.82575700947,59.29209424479282
442,458.9062912017107,1555,299890.2112154341,56.973633823373625
443,67.00226718187332,138,249459.2772463768,50.92909066106319
444,173.74646165966988,518,274544.5083011581,58.991154751796785
445,110.08476448059082,514,294387.4635408563,59.63882795682958
446,36.46234291791916,122,276263.35573770496,51.2412432040193
447,537.8298161327839,1528,301822.7033376966,56.269878236673485
448,274.55523014068604,968,273856.0592561981,55.41654846841078
449,455.805889159441,2016,309370.20082341274,56.11599807329134
450,111.52159836888313,454,257807.59281938337,58.97792710428603
451,65.61037993431091,122,211388.3608196721,44.867091760247185
452,208.1337370276451,463,250793.78082073436,58.25596865214057
453,293.51022067666054,996,257697.87411646568,57.00157706627606
454,174.6992805302143,512,293203.95652343746,58.712219715687546
455,123.66124600172043,518,298857.3462934363,52.27020507302821
456,105.75928834080696,525,291534.9565714288,59.076389028852894
457,149.55396777391434,373,278921.3323324396,49.3951219753584
458,87.28430396318436,183,252387.55256830604,66.88233974420744
459,205.19577312469482,409,245265.51765281163,56.10534884201296
460,91.97721117734909,368,278049.39516304334,50.67284520654225
461,451.194138109684,1572,290594.06552162865,57.03228303527812
462,137.87213304638863,519,271765.68639691727,57.817449989520455
463,214.54483783245087,521,258531.45708253374,59.32499129772554
464,317.83316902816296,980,286669.4225306123,56.36837178316419
465,261.5804189890623,803,288874.16901618906,59.08377072567244
466,47.314127057790756,508,295120.3472440947,60.95777658629316
467,128.74826020002365,466,251844.24077253227,59.18590834557956
468,251.9392632842064,948,272036.74044303823,54.41803660390229
469,326.04132133722305,924,263646.5730303026,55.17884704718803
470,364.102149695158,1094,301101.1457769648,58.98228351368606
471,338.6554277539253,1095,273630.37612785376,58.38538980220454
472,20.25534364581108,143,238999.21006993,55.904417429085164
473,513.3238534927368,2016,294029.9279365081,57.24669233166408
474,513.3215306401253,1573,286193.2282771775,55.24178252759055
475,203.6347374022007,512,278185.3551171876,57.0512178964115
476,183.885516166687,515,274665.1141359225,57.47076861779001
477,436.63236133754253,1095,294178.32001826493,58.941546549749035
478,209.92013490200043,514,269815.30992217886,60.21357719293005
479,200.51834496855736,518,280904.5573359075,58.79834104578765
480,593.0781582295895,2016,284334.0882242065,57.08992920577619
481,109.4640023112297,375,289938.6233066668,53.20144715777733
482,263.4938715994358,804,298024.8611940302,57.45735556453325
483,33.82364946603775,223,240704.29372197317,66.8924383690382
484,67.1398457288742,508,307582.8486614172,58.46356556239429
485,285.9096951633692,803,294995.3714819429,59.39342355436968
486,238.1182530671358,961,288365.893673257,56.11331520287825
487,472.5497331917286,1671,308766.42907241173,57.98910903835135
488,182.08741882443428,812,264851.98396551725,58.5233084497117
489,256.08267591893673,964,302637.8187344397,56.81253887359215
490,385.08346685767174,951,281300.8101577288,55.04528063159697
491,297.785101801157,958,291047.6152818374,54.65477022547214
492,208.6090130507946,441,222295.0861678006,58.60947196754063
493,229.31972923874855,1058,287801.0749149337,59.695699797523275
494,104.23473617434502,204,235672.09843137258,64.64279455313469
495,714.3499480783939,2016,286076.0469642858,57.23816546593064
496,123.60307735204697,512,289888.77828124975,58.139820140862724
497,213.38909536600113,508,269490.1889763779,58.59936141399088
498,555.1230380535126,1849,293113.3020767982,55.603290367482344
499,339.25743371248245,1000,284434.66957999975,55.838827543417004
500,545.8247473537922,1723,285382.6576784676,57.06350917448664
501,192.29357938468456,1093,332358.43429094285,57.88126605256798
502,233.2643137574196,515,261924.24842718442,58.93956416947031
503,100.37260475754738,427,273941.93531615933,56.68633582265758
504,53.775504767894745,164,244541.5698780487,59.8732783551197
505,163.3398958146572,515,285859.45798058243,60.7010122547191
506,279.4631753563881,810,287332.1177037036,59.081073865216155
507,509.9075010418892,1446,267826.4895435684,57.48576399100362
508,47.587780803442,129,272157.3418604653,48.797911059528865
509,73.15693110227585,516,290088.51655038766,59.26303223703231
510,332.10764530301094,880,279020.39579545474,57.34206826822207
511,201.53826278448105,723,237218.8266943292,55.25467759191854
512,646.7843159139156,1949,277063.82149820455,57.928162128156295
513,140.29781591892242,521,310961.5425719774,59.06353449618064
514,355.2771345227957,1091,303705.36595783767,57.90353774636936
515,161.24355727434158,437,242235.39409610993,57.148239403740874
516,627.1984151899815,1830,292391.30120218545,55.452442229817244
517,408.55004861950874,1373,305828.10929351725,57.8624213918502
518,174.23068615794182,377,267311.32933687,52.263389221291845
519,183.37248140573502,514,278588.76225680945,59.7894782288416
520,560.6476463377476,1598,292039.38779724616,57.50203201223359
521,79.628746509552,217,232151.7847004608,60.783489508047126
522,283.4650753438473,1012,308176.39474308287,56.9896186786317
523,324.4559902846813,1097,254915.57144940726,58.46927459295559
524,401.7710765302181,1167,264504.68078834616,56.96576334256088
525,214.67657098174095,805,284148.99781366455,57.685468288169595
526,263.0696425437927,1037,278582.413963356,59.34902834166682
527,433.90789076685905,1376,296792.272223837,57.80561101663185
528,352.44170804321766,1378,302443.0757910019,58.002795027008126
529,43.44016021490097,380,343276.8299473685,48.6913468659777
530,322.7729711830616,983,262676.3069582909,56.4063610879093
531,632.6262033879757,1774,288664.94785794837,56.60599631252503
532,89.52671340107918,232,290090.87681034475,61.112918380129095
533,419.44183468818665,1177,279295.5004587934,55.08216833911483
534,265.0181809216738,807,276035.06882280036,59.35612675706285
535,95.41244679689407,308,237598.26772727256,53.42565742554894
536,533.5840572416782,2016,282356.87857142877,57.053606857159025
537,37.14247328042984,141,306282.9885106383,56.37671950365575
538,264.353207886219,740,258249.42329729695,56.90602424700851
539,469.33064326643944,1254,261921.89043062198,56.60807884283295
540,59.26890727877617,145,239702.91793103443,56.314651349972664
541,310.9928745031357,980,273789.335061224,56.093742108182006
542,452.8990535736084,2016,320636.3429365082,56.45641272528999
543,106.35402777791023,503,287058.1590059642,59.11901518929345
544,276.2295058518648,795,295979.80093081755,57.856180905221024
545,413.52197113633156,1552,294353.51760309294,55.11515417235247
546,367.29082667827606,1091,282320.86863428034,57.35315790446554
547,202.35871842503548,805,299441.64332919224,58.862701383071496
548,80.87406700849533,160,248517.14174999995,61.689257727960275
549,239.82055884599686,726,293817.45071625354,57.03018666304572
550,376.15925820171833,1097,276687.61801276205,57.519679904146386
551,685.0458536744118,1963,282689.0665919513,57.30633870558118
552,242.5417456626892,517,277000.52088974847,56.44507588960695
553,195.01572969555855,516,275414.295736434,60.48014416190387
554,320.3340102136135,1086,295323.09281767934,56.087702039445546
555,155.4883458018303,447,296229.01498881413,57.10259802190742
556,208.34033551812172,510,267375.0848235294,60.785526571915156
557,176.53324574232101,519,285840.38173410407,58.40254266733756
558,497.69379860162735,1600,303816.55019999994,56.46365815881681
559,384.2777835726738,1536,277275.7151822913,55.42292728486708
560,408.35158610343933,1532,285223.439660574,55.774580482468295
561,468.2705369889736,1240,284436.2628709681,55.97199086486956
562,368.2394096851349,1093,287763.53110704484,58.33056091221279
563,566.0200382471085,1522,290644.94059132744,56.245420876180034
564,101.33190694451332,240,224252.92525000006,61.98742756039963
565,110.42744651436806,435,289860.79126436764,56.24577290054054
566,565.0222964882851,2016,291712.01969246054,56.536957013168625
567,153.74996864795685,363,244568.77614325078,47.62202392755548
568,178.75265482068062,518,268339.22401544434,59.142826801719124
569,192.4174940288067,419,237233.54840095487,55.848839201242725
570,51.32684087753296,132,262325.588030303,54.60353176990643
571,418.68427388370037,1202,295065.0174043264,56.062007622666876
572,209.37647432088852,672,278747.29622023826,53.51004035642374
573,146.70966270565987,427,243963.1540515221,58.52014294187461
574,69.34660121798515,387,302006.1841343669,52.42771777944942
575,488.00484600663185,1384,282458.55552023055,58.604328302421614
576,183.09091979265213,802,290859.8314463844,57.91974902028557
577,130.21854358911514,517,307081.0186073498,59.7230430065763
578,229.48327153921127,804,310202.2816169156,59.224234122751525
579,332.6858041882515,902,287681.311241685,56.69128021383448
580,610.7243694663048,1874,275555.299519744,57.48816549606685
581,263.43103352189064,972,261666.46767489697,57.204676620992565
582,233.84528936445713,787,288494.1731639137,58.638339531880455
583,331.4248881340027,957,288890.43918495276,56.25650668579226
584,547.7256826162338,2016,306179.6402876984,57.07871672103887
585,358.90281531214714,1095,300541.3816620998,57.21224202229637
586,340.51224261522293,950,274765.41433684254,54.242862520437114
587,336.2352793812752,1085,290927.61111520766,57.30693592324016
588,676.516463458538,1867,292545.3277129082,57.580062473828846
589,148.25111070275307,512,261396.01011718734,61.54066667974284
590,231.5580461025238,673,289683.783447251,53.102422111370956
591,130.0506397485733,500,289764.2734800002,59.30285275461244
592,198.4062766134739,503,267004.54139165016,61.18491288132583
593,135.08837795257568,516,295309.8621705427,56.23832646575659
594,673.8593967556953,1664,297146.51655048097,58.56789742658479
595,246.69658732414246,692,256645.14132948004,55.561644470064536
596,363.96139416098595,1051,285333.595699334,57.88400242910517
597,144.6305867433548,377,276190.41342175036,50.74644917342559
598,385.74228021502495,1093,272832.4592131751,57.214618741525506
599,580.0013434886932,2016,284796.31100198365,56.853955239313635
600,3.406831920146942,9,306622.0755555555,23.69921542213534
601,72.37467235326767,378,276187.0796825396,43.940260539178375
602,159.9007692039013,383,262519.096762402,52.644264737098766
603,444.10033598542213,1336,287072.6381137727,59.19859697068381
604,359.96423730254173,809,286962.28981458565,59.69088107481336
605,153.80977901816368,444,281227.91400900914,57.86056216902645
606,65.80798670649529,139,231239.53640287762,50.144857345939634
607,83.18597048521042,506,325077.0564822136,61.38490692373813
608,724.3265949189663,2016,278065.756636905,56.80735612092915
609,436.3088336288929,1378,287094.71859216294,58.25486514118651
610,133.62999960780144,377,290329.56222811685,51.07673505569298
611,319.4863069653511,1091,296664.816498625,57.89931263679259
612,432.62035270035267,1388,297907.0355475503,57.82474818500174
613,207.06350141763687,805,315463.56919254654,58.01033850608027
614,189.9889898598194,508,288483.40807086654,59.95223943486286
615,136.22818756103516,504,293410.6726587301,57.79506481783475
616,482.69070902466774,1302,285481.8499846394,56.82083231360763
617,47.180856704711914,234,208376.27461538475,64.1009711634116
618,220.98404079675674,516,274977.1273255815,60.81727974168835
619,481.9015047252178,1865,286533.8262091153,57.55349601967431
620,55.80751669406891,116,270603.5722413792,48.73009074950014
621,405.65286868810654,1095,285073.09691324213,58.760784813655704
622,64.49882650375366,125,251680.64719999998,48.387054975232914
623,72.80941992998123,199,195853.39306532667,61.82542068243279
624,65.64111894369125,237,306680.239493671,55.182873667615056
625,188.04325351119041,514,279847.8614007784,61.313923473738726
626,122.57441100478172,523,311144.4932695986,59.40185688862934
627,107.26827469468117,387,292809.8671834625,51.01254160524789
628,263.5620493888855,686,251348.20524781346,53.83910971822004
629,102.87325432896614,385,283167.19501298695,52.88761114247617
630,446.00097104907036,1381,307048.4332947144,57.63625555455504
631,29.533485770225525,142,198564.1040845071,54.61903880223638
632,175.0802459716797,522,298700.5993103446,58.97478121704778
633,279.27580294013023,669,279572.46538116573,53.05504997878505
634,496.16075947880745,1382,302117.3360636759,58.600679014279265
635,324.6467034518719,1090,292391.42557798163,58.33105894923991
636,157.65159559249878,412,274697.44995145616,52.94850939990748
637,60.622622311115265,130,278171.212923077,51.718369134934086
638,561.6643049120903,2016,306907.0591666666,57.11389769523349
639,85.96582764387131,222,183406.0582882883,61.81883865325076
640,583.3938581645489,2016,295228.5756448411,56.57867878894209
641,247.3127634525299,516,270395.2158527132,61.093572038683575
642,122.17686074972153,476,245574.23394957997,58.39937481364817
643,594.6666390299797,2016,305194.0393551588,56.461078436688624
644,102.77198524773121,516,308575.4121317829,60.19709314976329
645,103.37497267127037,392,278734.599387755,52.30148430829453
646,199.27266809344292,507,278184.7470611441,58.9739252197275
647,227.93056562542915,691,291259.9995658467,54.834098487132586
648,68.34991997480392,134,231506.562238806,52.040234346003196
649,736.7393617928028,1862,294390.46403866785,55.84485657799805
650,213.89642986655235,802,269561.0113715709,57.25205972872757
651,684.6316621601582,2016,297165.85229166615,57.51211530479965
652,341.0716857165098,812,283496.299482759,58.53060169337484
653,100.65273767709732,400,283356.96715000004,53.687386048571945
654,507.95333781838417,1544,304592.1148575127,56.26519640976099
655,177.61215797066689,510,269287.03450980404,61.36558689296493
656,295.68014320731163,737,277291.54559023055,57.751454679599014
657,449.3120387196541,1279,286185.4183737298,56.695681089992995
658,115.16741025447845,376,282270.5304255318,52.40376673849688
659,158.6577957868576,506,285055.85707509884,55.83749812458252
660,209.1882220506668,518,279175.8835135135,59.342639232700606
661,189.14385733008385,514,291304.5029182878,58.81975747212785
662,480.64152336120605,1099,286840.699872611,57.56307335934741
663,197.41752460598946,518,292105.11621621647,58.704028511524875
664,408.17277631163597,974,276326.2572484599,55.4617218045725
665,121.49724426865578,511,298789.7898630138,58.13639736477807
666,75.9716477394104,142,242068.391971831,57.381428519937316
667,261.66140243411064,880,251853.89576136405,55.14438806982636
668,65.26975589990616,129,257241.5848062017,54.152552266526705
669,6.765362441539764,14,258630.75571428574,30.810757944414473
670,88.82316157221794,413,303234.3855690075,55.56456098342287
671,412.1949421465397,1093,301677.91247941466,58.00732790357028
672,660.3255774378777,2016,303670.6880456348,55.276694039040706
673,534.853454336524,1672,293127.6590311002,56.22522933184894
674,531.3467534482479,1385,266281.450613718,58.5453957625775
675,300.3060504794121,808,293001.66948019835,59.5339704040493
676,99.36397296190262,237,266297.3796624473,59.38400553218011
677,541.9938991069794,1860,289742.92548387044,54.032465036619726
678,346.98225639760494,986,292713.3282961457,55.84905881038315
679,83.3539445400238,166,244223.56192771095,60.40041149371368
680,172.54079526662827,334,247006.9472455092,53.89727872094545
681,569.4519942700863,1544,305250.77843264263,55.86210052739314
682,351.4262554049492,995,301416.3502713568,56.73421662263783
683,157.5663293004036,519,255802.58504816957,59.065091630008155
684,446.73708771169186,1112,285620.4068705037,58.70839368881004
685,304.003772765398,1093,296642.4663129002,57.437429330238515
686,222.57122892141342,785,278123.9873375796,58.84627449313489
687,51.98434919118881,142,202668.86978873223,49.70669916979534
688,395.6505545973778,981,267203.030030581,55.488776093779975
689,109.65918150544167,381,272378.82619422575,49.60897803618268
690,304.2091149687767,720,270056.4830277777,57.97649483291336
691,13.512620896100998,27,255227.71925925923,32.75237839584598
692,110.64693713188171,376,282824.2225000002,52.71176171420655
693,108.72841840982437,235,271247.2899574468,60.6014479617262
694,663.0736657977104,1711,289855.0320981881,57.67074583717146
695,241.33388176560402,812,267180.9433004929,57.250171496407
696,152.26345652341843,508,279529.7815354333,58.39377104664211
697,160.436913728714,512,289083.58460937516,58.852978994176006
698,111.60346803069115,379,270470.6253298152,53.160836939261614
699,72.75102466344833,161,215276.30360248443,57.34933425716164
700,348.11944821476936,1014,284643.7621301775,56.717841331824495
701,431.1561291515827,1272,266460.849654088,56.07251921352321
702,93.20136594772339,380,282162.3560526316,48.50334483553869
703,152.03854070603848,512,298829.18871093745,56.20066815865864
704,129.35116150975227,519,279221.1796917147,58.38666066878799
705,339.2514178752899,1090,273999.2248623854,59.70896527366092
706,337.82763281464577,805,291155.38735403726,57.667399695579284
707,682.1188091337681,1974,274836.3638196556,58.32136140742937
708,130.57881298661232,514,295542.5624513617,59.01489916466158
709,526.5221791416407,1673,309066.8743813504,56.982309687060535
710,183.68659633398056,520,298675.9613461535,59.820577834161654
711,661.2736991643906,2016,293508.2549305561,57.79856408387177
712,182.77733606100082,521,280839.77274472144,55.377435216728735
713,191.33160257339478,508,274191.4412598426,60.39564285668732
714,180.8662186563015,510,285553.9990980387,57.77657816512874
715,74.64137017726898,141,245417.85404255305,54.443769963642104
716,448.12730872631073,1375,298015.7259199999,58.69082086889075
717,600.3647818267345,1616,289833.569430693,57.952718536252114
718,139.5086272060871,379,271033.33952506573,52.367406118743645
719,335.8724896013737,807,273150.3105328378,58.382557146496296
720,497.1894529312849,1372,295110.7375218657,56.53175509942394
721,432.63605523109436,1094,293402.4764716635,57.90451343227041
722,225.28299713134766,515,287263.4626796115,57.94218043176418
723,160.26518273353577,505,295105.03837623773,59.30388614488492
724,173.66192319989204,448,231327.4485937498,57.91104835480012
725,93.95641919970512,176,243222.22965909092,62.671184712562415
726,191.0300137102604,389,266445.0430334191,52.442694349258915
727,296.16817320883274,809,285713.3323609394,59.49471910235885
728,72.58104756474495,140,251016.98342857143,55.725663272328006
729,289.8298395872116,799,297588.95559449313,57.977292890469904
730,456.14136078953743,1684,294040.4517339665,58.24767552384676
731,77.69314697384834,176,269978.3734090908,64.2546539296908
732,313.28676307201385,801,294305.67450686614,58.79385994371731
733,186.4078353345394,397,277740.48186397983,52.83068894454436
734,451.49537512660027,1460,292048.10763013747,56.54624655432969
735,396.59296146035194,1093,285142.4496431841,57.622456706161
736,306.9903521537781,965,288311.74375129543,56.57947113901905
737,552.8550079166889,1642,281180.9165042629,58.445943953278025
738,72.53460428118706,144,258276.40652777778,52.97082410667315
739,198.98243576288223,516,285414.5594961239,59.11846230026059
740,194.48538276553154,802,303199.05922693264,58.86856697591389
741,385.0628204345703,1276,291403.7876175548,57.45941305941949
742,660.7897004187107,1893,306285.9131854197,57.766576524362854
743,159.89718654751778,433,241731.7618475752,59.038254940784114
744,269.96167999505997,768,304363.53124999994,60.53662640760359
745,531.9404139518738,1269,290975.8176044136,55.989000480438314
746,485.4950152039528,1649,281451.21842328715,57.94513559129373
747,230.11743825674057,517,248506.29767891677,59.63947204403845
748,137.0786117017269,379,281265.37277044856,50.19536015061186
749,297.2829225361347,804,286566.19268656673,58.148712126112535
750,151.69579195976257,422,295347.73308056896,42.42826422897407
751,408.04144725203514,1086,289304.01171270723,58.70246411125146
752,170.81011793017387,382,281123.5405759162,52.96583773914907
753,46.043048083782196,121,234543.83355371899,49.1524898142435
754,469.556815803051,1243,276583.4623813357,56.40805906611677
755,298.1952206939459,809,296410.57021013566,58.22918303165177
756,436.70569998025894,1093,297801.07412625855,58.77978310330075
757,294.308207064867,742,277739.3406738542,57.36334168972785
758,165.313655346632,518,278116.38324324304,59.14173429465923
759,77.48004758358002,171,245493.39824561414,58.66578462342914
760,418.5580756664276,1094,276423.4422486293,58.2804266275719
761,245.54899150133133,1019,259942.72164867542,58.02130728838199
762,555.6995347738266,2016,293676.2473313491,56.423098663565696
763,263.09144017100334,799,301499.83782227826,59.170976855854214
764,220.9955441057682,509,278018.08833005873,60.50619711052995
765,416.7108564078808,961,265566.4409157125,55.61564115121456
766,188.77585789561272,697,242382.14733142083,57.292016345139814
767,84.5028667151928,162,249785.1945679011,62.80477698973852
768,353.09508070349693,803,283139.7615442095,59.722262882930295
769,416.3780700266361,1090,268975.37925688067,57.33968535554018
770,423.19376242160797,1097,302612.2318322699,58.47976438266966
771,469.1265604496002,1085,282675.6458617515,59.42458193590506
772,163.1204555630684,698,275610.0415759312,56.870185494228444
773,50.522432923316956,132,279605.42712121195,52.07767964435179
774,462.76274412870407,1262,291045.9017749603,56.705747011838476
775,218.0668383538723,517,260707.10085106414,60.089513007822035
776,546.5625562369823,1594,307950.5353450434,57.85623937001138
777,170.50575330853462,380,274826.42173684225,50.83414713871567
778,550.7252873778343,1532,301586.76113577036,56.00518632785679
779,242.1549970060587,804,300892.04552238836,56.05372717069304
780,730.6689718365669,2016,285890.61944444437,57.385800885626374
781,717.8693180084229,1901,291614.5543713832,58.15224408928088
782,298.83177798986435,704,276457.3313636362,57.04722928264502
783,318.2722020149231,1079,306856.5688971271,59.508107196235166
784,79.11756557226181,224,222863.67205357147,62.67323929056865
785,58.0009186565876,235,267178.2250212767,55.747978904717755
786,411.45505091547966,1097,294916.06125797663,59.20488845880042
787,468.5221363604069,1095,270673.15543378994,59.194403128256845
788,705.9348201453686,2016,283273.2477380951,56.627094395610705
789,71.34504330158234,142,246992.86239436615,58.63394560105842
790,839.157962679863,2016,282812.9818253971,56.51970678943424
791,203.5539815723896,430,231762.40065116272,57.255390851908416
792,303.34901843965054,1093,299640.04528819775,58.06143545141207
793,393.97255605459213,1025,299232.71252682933,58.25818218564689
794,151.39724653959274,664,310668.47394578333,53.74992026267553
795,414.2794171869755,997,279629.9051955867,57.04562405769386
796,57.55546525120735,124,232970.868548387,52.98912854561736
797,428.77699115872383,1055,278768.81364928884,59.69980302141525
798,648.8165407776833,1665,293197.5108228227,58.78277617159586
799,474.28569170832634,1260,284905.3045238099,56.318642973386346
800,373.83475762605667,1097,288335.3740200549,57.80865106230899
801,669.5308777689934,1673,292346.8474596525,58.02949976478801
802,413.947997123003,1223,264116.85350776813,56.1725683082679
803,225.8643135726452,801,312741.96759051207,58.823735122602116
804,72.74083524942398,162,220640.60592592604,61.420701363274134
805,378.34950426220894,972,273716.11331275746,55.203853192084054
806,777.5968523025513,2016,296280.38068452367,56.9480214298362
807,104.70723655819893,191,235836.5773821989,67.23942125124958
808,177.67287015914917,604,231923.92721854293,56.101864677927125
809,133.7045071721077,377,273892.1876923078,53.32473517636026
810,682.6337882876396,1862,284157.9316971,56.92262145011845
811,68.82707360386848,229,285871.19580786023,65.33608255196685
812,132.93188428878784,377,265210.00928381976,52.352172731779426
813,160.56733003258705,516,289942.15701550397,59.25331497168987
814,369.8520885705948,978,263943.05102249474,55.39776997044492
815,126.71965935826302,516,299232.784883721,59.94696930610849
816,227.17202806472778,516,274105.1122868218,58.27621367161091
817,227.0209578871727,517,288478.24328820134,56.98842180654271
818,515.8779924213886,1536,261874.7339257806,56.152265577108494
819,0.5590768754482269,3,340679.0066666667,33.333333333333336
820,99.67415753006935,423,218446.33484633584,57.52003146632173
821,620.3309580981731,2016,294819.4808531748,56.38913152341727
822,226.21985244750977,512,285050.1092187502,61.84765855236239
823,692.5341182053089,2016,301089.4328273811,57.09217849194748
824,448.1499269902706,1277,292965.3828660923,57.48080356997535
825,706.2482162415981,2016,295723.33457341185,56.475490141977296
826,274.85998529195786,520,245656.15996153833,60.26094050530679
827,774.6088154315948,2016,291166.9056250004,57.746830210268755
828,431.00968274474144,1091,285305.5513657194,58.81481960385625
829,489.0839225202799,1379,295181.9086149386,58.49080940722048
830,202.0295923948288,521,279547.08994241833,60.565190767224415
831,539.5054388344288,1381,277982.9908037656,58.715117327857044
832,348.4589781612158,1093,293112.93299176544,57.52009083781221
833,209.43250060081482,516,247619.22315891486,60.08724262597575
834,52.50551411509514,229,277940.8942358077,65.95694317260714
835,729.8536687195301,2016,289768.037420635,56.35792825642598
836,196.4036983847618,516,283056.28275193775,58.79537988473445
837,355.35628712177277,804,273736.3824378113,60.31798120260266
838,619.5975446105003,2016,305003.0040376989,57.453770704599314
839,240.97386047244072,511,276825.3073972603,60.09187640022521
840,291.1649240255356,696,280845.85491379315,55.861422684320715
841,111.09269142150879,513,292306.28304093564,54.33939264646819
842,808.3722975552082,2016,293850.9599404762,57.175523563299166
843,36.200282245874405,107,201653.58738317768,44.94213957319914
844,39.6910414993763,122,217859.2578688525,51.30468677331282
845,130.14183442294598,521,301569.96460652596,57.686972064889
846,172.24772182106972,486,272429.76008230465,59.72075694861729
847,112.00923576951027,234,272522.2621367523,62.751943187713735
848,221.59346598386765,517,284864.1814700194,60.12812214474859
849,411.63901004195213,1086,302140.8425230204,59.054235442658715
850,172.6872735619545,402,239719.2988059701,55.09103235878485
851,718.0580579638481,2016,285607.16781746043,57.217805925280075
852,68.4990813434124,234,292437.99273504305,61.42978081356026
853,545.2035452276468,1385,297132.5692707586,58.01240410113899
854,162.86312314867973,374,280231.20155080204,51.74161820681563
855,70.81539733707905,229,301432.8530131003,65.61966475450204
856,216.51092287898064,507,277144.4274950689,61.95234915672805
857,337.9788695126772,960,293655.39516666677,56.51109932459154
858,219.84755381941795,514,279897.7940856029,61.04275249160586
859,364.6310284435749,1090,275214.5035779815,59.186266630916165
860,241.6253457069397,517,271130.8244487427,57.573671611160485
861,146.84406933188438,375,264788.22511999996,52.59345216370517
862,738.500125169754,2016,288033.2638392856,57.01592777783124
863,252.53203156590462,525,259656.89230476192,58.814386918325646
864,0.4629608392715454,3,368536.7066666666,33.333333333333336
865,391.9433780312538,982,264528.6132179228,56.900350520392315
866,287.02276945114136,803,286410.9369115817,59.75930281233567
867,302.11104011535645,805,274227.1374409938,59.27802973137022
868,157.24381470680237,523,281811.40573613794,59.548607814519094
869,119.04784646630287,521,291209.264606526,59.14633561758721
870,122.06973233819008,375,295555.3118400004,51.63134527084535
871,328.68610522150993,802,290073.9899251873,59.83526311923792
872,174.87943908572197,445,294898.9209438202,58.18888957440829
873,222.53360816836357,520,277142.1686153847,59.58401666742161
874,190.77617037296295,514,289108.4370428017,58.25849535264183
875,409.70982348918915,985,265548.82990862976,57.17366733138461
876,666.6439413428307,1670,291588.17374850286,58.285277802460946
877,229.2023025751114,805,300235.65910559,58.90899359460409
878,793.7394863814116,2016,290250.0652281751,57.7387950297555
879,764.4366425275803,2016,291207.75161706295,57.14785147799996
880,233.77203878760338,503,278785.95844930405,59.424610569729964
881,509.56789568066597,1524,290203.84687664034,55.994757292841186
882,323.02107709646225,808,252528.2643069307,60.01281941404848
883,59.563945919275284,121,264605.35966942145,50.305250381224106
884,285.2925044000149,674,253489.2235311574,55.53088304108264
885,288.73119965195656,739,279425.69648173195,57.74822904263241
886,123.09780585765839,378,265189.20359788346,53.60813443001959
887,567.1878035068512,1387,297076.2752847867,58.292795776092476
888,306.6853427886963,807,299237.8223296156,55.15846628913311
889,566.7964422404766,1376,270652.39444767387,58.53945210198782
890,564.2021998167038,1381,275080.6768139029,57.58194930018959
891,296.5325310975313,824,264384.22211165045,58.20925570945818
892,360.14702332019806,950,293354.10604210536,53.802517402109636
893,364.725821852684,806,286976.0637468981,59.12477864058472
894,204.28418505191803,508,288697.10755905526,60.18365458614784
895,593.5379863977432,1289,276818.6251512801,57.507175196958514
896,81.10301411151886,156,250650.08858974336,59.16055946924182
897,108.22851523756981,235,274400.42297872336,61.14669701051719
898,84.07876193523407,234,283941.7002564102,63.91910246885874
899,405.8205440789461,1098,290337.8730965394,57.955861715398605
900,126.94179466366768,381,282297.920839895,53.86147668725464
901,719.0763018131256,2016,287378.3341369049,56.91645526625644
902,345.29742389917374,810,274146.4436790122,58.22135324798916
903,369.8567709326744,1091,292313.06837763515,58.302722858439125
904,273.39581739902496,807,289960.4113258985,59.59400160810573
905,43.507891327142715,104,206304.04028846143,44.51349796781491
906,264.9719434976578,552,258627.75992753636,58.58730776220475
907,247.41923567652702,511,270156.9713111546,58.41335053013843
908,500.3818067163229,1272,301058.9163207543,57.845697843397986
909,190.09122577309608,481,276799.26278586267,61.98994218874377
910,192.6457683444023,505,272077.5316831683,59.80339396286473
911,228.97688314318657,514,279812.4645914398,61.35565076796292
912,254.27362038195133,520,267703.2672307692,61.55238367764507
913,464.1162451207638,1092,300165.9142857143,56.96345500638427
914,468.27984580397606,1090,291496.80689908285,58.57053491783793
915,339.9535179436207,802,272182.96698254376,58.11238562107501
916,187.086290538311,365,241262.32126027404,52.21173679267103
917,553.9694643616676,1692,297628.9350354611,57.789962373112495
918,176.76982733607292,517,295887.4231334624,58.70209051877064
919,477.1174929738045,1093,285507.2950045749,58.80961030842415
920,419.2519540786743,1096,303607.96350364975,56.97351953148973
921,349.9338971376419,797,289840.6722208283,60.27896327705067
922,63.91044661402702,135,271095.14029629633,56.328043098204944
923,427.0183435976505,1086,285826.97047882114,58.98603531963491
924,764.2408949136734,1857,285289.3929133009,57.16486822671943
925,477.84713914990425,1276,260886.42089341703,57.56109424607869
926,138.63885605335236,375,281595.15557333326,49.580660924110695
927,477.2159185707569,1087,270405.4114811407,59.072709082314645
928,790.4227862507105,2010,276626.2471840793,57.74521681409397
929,308.79479774832726,1096,282351.2319708027,58.14929341746286
930,464.4452499449253,1097,262535.5220783954,58.838568796164374
931,328.29307483136654,807,266370.39360594784,59.71131860219646
932,658.9132930934429,2016,289871.130952381,57.73409306047134
933,791.3427008986473,2016,290549.9586111108,56.89870271319846
934,190.7919233739376,517,293206.9780657641,59.70168108571001
935,568.9679901897907,1665,283954.6467747745,58.110789922315504
936,394.37936425209045,1057,298721.90077578084,59.32758124104608
937,389.17845156788826,804,270397.6277114426,58.48646639087296
938,76.97127977013588,158,267647.93518987333,59.10610268226907
939,340.4683079123497,801,296133.46197253413,58.598303319404614
940,771.634254693985,1865,293517.11098123377,57.27646027332622
941,414.01105070114136,1095,285214.2491141553,59.33401830412928
942,228.74785333871841,516,282388.200387597,60.740556651982786
943,530.173412322998,1381,285044.16838522797,59.00276399359806
944,120.82188466191292,509,280210.56161100214,60.57935603711924
945,573.7625378072262,1553,278718.85683193844,56.52580603464958
946,201.26792725920677,518,288029.08594594605,59.568475649333806
947,185.30632361769676,374,264043.9304278074,51.317099244942185
948,758.5785779953003,2016,290478.147916667,56.95399952255977
949,182.1583105623722,518,272519.3738223937,57.552607133801395
950,649.0642143189907,1672,301525.3858014351,58.576000533710804
951,255.29940474033356,732,296574.40699453565,56.43341789895718
952,107.70847970247269,232,276157.84094827593,63.551115088659586
953,262.3977671265602,516,257325.622403101,59.78229148732336
954,182.7072887122631,514,287712.64918287937,57.16401336648383
955,338.08026802539825,801,280594.90022471873,58.88688221775492
956,513.8657769858837,1412,273282.4525354102,58.37196685069108
957,632.8504147231579,1687,291272.8380912863,58.19026642066974
958,733.587405025959,2016,292264.5618650794,57.94788219027419
959,301.5517506301403,801,293228.1512359554,58.77042994879938
960,491.17589807510376,1093,270405.62946020154,57.98589352351316
961,214.03838545084,512,285943.76511718746,60.45271191265771
962,144.14153704047203,384,279623.79994791665,51.58444987375676
963,258.26018461585045,519,248627.43254335248,60.79575616278849
964,739.0084671080112,1861,274622.73661472305,57.490891122596366
965,205.665781468153,518,271915.3838610039,58.796764295319804
966,0.588676393032074,3,343801.2866666667,33.333333333333336
967,375.3575927019119,1013,267752.0423692003,58.077693140187854
968,196.95427054166794,429,279446.8746386947,56.29996434639562
969,480.8812335729599,1091,293187.2353070574,59.0716661074963
970,359.12129232287407,808,290095.221336634,59.696254828348266
971,884.0388747751713,2016,291254.2555357142,57.75054306471748
972,235.5899556875229,512,282222.1875390626,58.59934302663187
973,463.0519851446152,1092,285404.2927655679,59.87841987469147
974,97.61160030961037,214,190461.83364485984,66.03608193333322
975,512.7702237665653,1246,264441.98184590705,56.79058818027395
976,425.1558175981045,1096,269348.8240693431,58.95112217678535
977,371.5261578261852,990,269208.56890909106,56.99597697694676
978,113.66453769803047,517,260175.465261122,59.83477630716953
979,218.7571725845337,517,293510.84638297866,59.542652977211404
980,439.80039966106415,1093,280163.1074290941,59.42625921410859
981,224.77590236067772,512,273082.34324218717,59.32756408284504
982,537.255105316639,1379,298568.151240029,59.248946031057095
983,243.19230484962463,518,273090.3162162163,58.112101774934914
984,225.11924839019775,516,290735.2103488373,58.97770536150508
985,244.70653212070465,516,275342.43003875983,57.31303686449029
986,235.45934677124023,519,268790.7432369943,60.019753092877565
987,370.2434929907322,973,262123.16884892096,56.49831857114348
988,442.90212801098824,1099,288025.5434758876,59.59138662488791
989,707.1315205097198,2016,281583.1039880955,57.178172945184016
990,381.8185661137104,983,257656.53807731418,56.6245334032732
991,52.93969929218292,126,210150.98761904766,48.1403195633376
992,351.2314963936806,968,267747.6940495868,56.902447071323145
993,733.6838271915913,2016,285726.29838293645,57.7993281815271
994,590.2822153568268,1345,287157.52071375505,60.231994293898055
995,199.2217093706131,499,287884.5636072145,60.37519257110871
996,534.4701174497604,1378,285311.1250507983,59.61848980456165
997,113.71211904287338,239,273919.6170711298,62.66593349450898
998,595.2396093010902,1370,284949.9,59.380554518531916
999,332.2187947630882,804,287957.8186567162,58.28721107233337
1000,791.4851091206074,2016,300999.53158730216,56.855434003586346
1001,333.5407814383507,805,284458.99078260845,60.3473491902786
1002,456.9633629024029,1058,283363.46362948924,60.58081710380837
1003,73.29355561733246,129,225164.75441860466,54.094400604290776
1004,251.48524925112724,724,289758.9355801107,56.934456337569735
1005,632.2687205672264,1678,299500.7729678189,58.204399519480454
1006,348.2212498039007,803,294301.86408468254,58.39255546596185
1007,444.87055093050003,1291,278059.409558482,57.841582125957316
1008,319.4120060503483,705,264111.7011347516,55.82876080993738
1009,73.68845781683922,334,193201.51293413187,54.223598451005834
1010,111.41458040475845,197,226682.6165482233,67.00651986128655
1011,375.024581938982,801,277946.5736329588,59.866143278831466
1012,229.0107086598873,490,278980.59571428585,60.75400043968263
1013,324.8978368639946,669,269490.7150971598,55.3428587227001
1014,437.73142462968826,901,269501.46044395084,57.18239099312226
1015,641.9065329432487,1718,303443.1844237484,58.71561040123506
1016,368.0790839791298,802,279365.8712967585,58.55104296315668
1017,719.0401991307735,2016,297031.5016269846,58.031134214579694
1018,215.30254346132278,506,284695.52573122527,60.021788232585585
1019,381.9437257349491,900,276550.0933777779,56.493543852655414
1020,839.8637316524982,2016,283377.63347222225,57.72067053607037
1021,245.22911003232002,505,265170.6005544556,61.12860543171268
1022,414.625604480505,802,252328.468029925,59.51052279024834
1023,260.97854410111904,809,295761.9047218792,57.839954533274614
1024,455.5638724565506,1098,279917.6124408018,58.32669878682917
1025,311.1550604701042,1100,246072.01619090894,58.90056806523882
1026,226.93049857020378,518,286313.1323552122,59.52861860968924
1027,486.9811982810497,1306,279827.38073506916,57.976905101820805
1028,676.4747711569071,1664,298247.5251322118,59.00638067618718
1029,210.3183295428753,514,288398.75058365765,60.40315665208003
1030,141.6991909444332,374,268136.5620320853,50.155705819157056
1031,167.81264919042587,325,234696.00843076935,54.1486529629024
1032,372.45891347527504,811,273473.59842170164,58.75922132347144
1033,501.2448892444372,1389,297905.7549172066,59.05318930052726
1034,219.64275547862053,511,269649.8798825833,61.2956716178988
1035,795.224594950676,2016,295175.5832936505,57.59237156417112
1036,277.62741923332214,723,259724.76567081574,57.0958259216921
1037,175.84646046161652,514,262832.3968482492,59.99695108042489
1038,363.15953609347343,978,245437.30257668707,56.61730181492828
1039,688.429301738739,1626,260059.7038745383,58.61869734793088
1040,320.5443643927574,806,281323.002878412,59.96886401134848
1041,244.2931256890297,522,277422.51015325676,60.828070052639745
1042,220.3188335597515,513,266519.4475633529,57.21256522769513
1043,240.5099397599697,561,256405.08834224616,57.61284466631344
1044,197.74486726522446,519,292747.24088631995,56.25816080216738
1045,162.09087646007538,342,243868.36245614046,54.1164709181333
1046,902.4722140729427,2016,285263.02959325374,57.981034078405536
1047,284.72212091088295,808,278127.33693069324,58.70628562739285
1048,844.1892326772213,2016,297228.540029762,58.06226394474232
1049,233.56183445453644,518,287645.4337065639,59.125808561879076
1050,226.2170557975769,517,285671.63369439065,60.33606221661746
1051,639.854243427515,1706,277185.9961430248,57.91644890381659
1052,216.41767704486847,507,287934.9676923076,57.492126116339556
1053,245.67152777314186,520,276427.0560384615,60.65503422286217
1054,450.98700898885727,1061,294315.1245051836,57.65690070388553
1055,480.7090873718262,1377,287617.2961946264,58.274921880938294
1056,339.235350638628,710,262832.2412957744,57.632649972298736
1057,752.0719266533852,1687,282670.0107883821,58.48356023551394
1058,436.44097179174423,1014,266102.88293885597,58.58296822376497
1059,821.4692289829254,2016,284543.66605158756,57.6672915212262
1060,879.7913801372051,2016,283878.38868055574,57.599849686825124
1061,363.6529792249203,807,278589.5342007434,58.318857279975084
1062,472.51873284578323,1094,290769.8864716642,59.91269973962907
1063,536.3617906719446,1388,293390.5014409219,59.173938686563254
1064,478.82723838090897,1087,283989.7171297146,59.60046703193143
1065,817.1065314412117,2016,281789.7732738095,57.84905044028871
1066,199.80311381816864,514,295686.5472373542,60.28257628410392
1067,250.06404766440392,514,268736.5764591439,61.00459779091971
1068,232.48415818810463,802,303633.6872568574,58.51446243133969
1069,584.8945607841015,1286,271443.1687091756,58.08680972507646
1070,216.52187623083591,519,305368.097148362,59.984679541787386
1071,253.4847123324871,518,252982.15528957537,61.15157064327014
1072,151.77401295304298,380,283777.1499473686,51.835033695517744
1073,199.00313794612885,426,266641.51924882614,56.7125673816455
1074,458.08197213709354,1090,302823.27845871524,58.85957402089254
1075,603.3721117377281,1386,289774.0239682543,59.34573100149603
1076,291.20038083195686,723,255161.27784232382,57.78946087077112
1077,343.45737305283546,693,255450.83474747464,56.03095381637843
1078,183.5639102756977,516,298774.2288372093,60.08024607300769
1079,813.2910650968552,2016,294945.94427579344,57.6337903507717
1080,223.71875688433647,514,260271.3475875489,60.25601777291733
1081,244.29308906197548,518,275411.96918918926,59.7937314770617
1082,778.7938841581345,2016,291900.44474206324,57.23628088834175
1083,588.7056201696396,1373,298054.42023306614,59.446430602079495
1084,842.3604929745197,2016,272290.21497023787,56.79674685419387
1085,140.55104833841324,486,289389.85152263386,59.674035231993415
1086,403.64714166522026,945,290693.188021164,54.1259544180852
1087,238.97087454795837,516,269123.1293023258,60.81142525463767
1088,238.6920546591282,520,283301.03515384614,59.5422058241494
1089,805.1157888770103,2016,290879.3171031744,57.95415306121236
1090,348.1527677178383,811,286861.98066584487,60.19502122682255
1091,168.75904250144958,417,263950.2436930458,56.17707849922332
1092,372.7750182747841,811,270222.8027127003,58.69246878116667
1093,373.54120913147926,804,280638.87,60.64942422394959
1094,140.48902294039726,478,233947.94066945591,61.27379234506582
1095,222.54128354787827,514,284461.2927237352,60.18560035727037
1096,853.8858131766319,2016,286543.40009920637,57.926079527049644
1097,310.9160609841347,697,273204.8999139171,56.1810853901986
1098,675.3786297887564,1670,290219.535748503,58.53460133159914
1099,330.2448329925537,805,279180.98042235995,60.42917398615134
1100,471.9314411729574,1087,284933.74445262225,59.716894424370935
1101,67.37630778551102,132,255267.32136363638,53.43819998704989
1102,84.67762085795403,148,222926.36277027012,58.5368869389447
1103,829.243718713522,2016,289959.551636904,57.228903938322915
1104,47.940665662288666,88,219015.92931818173,33.990917900582836
1105,200.09877690672874,514,291003.1363424128,59.830715899650954
1106,852.9526290297508,1963,295357.10113092256,58.18531813527218
1107,251.1270673573017,514,267779.2526070039,57.99102955041847
1108,803.2262657880783,1970,297356.0447512692,55.912240308497914
1109,600.4437144398689,1379,286664.75882523577,59.43022899485661
1110,364.35631236433983,948,266073.2837974687,55.90479920118218
1111,356.22982063889503,805,292217.7459627326,59.14518667775806
1112,613.6963213980198,1388,285877.82463976863,58.68653089637878
1113,234.65457636117935,503,264458.27280318073,61.71028439596673
1114,77.11960378289223,131,213798.56839694656,51.61718280256409
1115,762.8548189550638,2016,270423.9250496034,58.32272074444157
1116,678.2800953090191,1594,280608.3560727733,58.44403587608187
1117,257.6640611886978,515,261604.80170873803,59.86440809436957
1118,521.4696973264217,1245,273938.15799196775,56.20908641625833
1119,336.1723618507385,790,284399.3929367092,59.18622830088268
1120,334.2208686172962,1089,299218.7509274565,60.139604271214615
1121,375.5865112245083,808,275704.12017326726,59.69765688780744
1122,800.9665629416704,2016,296210.3260019846,57.46523923271098
1123,751.6344754248857,1968,304038.39169715403,57.85470143567137
1124,224.2108860015869,486,282177.97407407424,61.59442446304639
1125,237.39675153791904,518,280159.64733590715,60.87391933607746
1126,273.10752415657043,804,306171.8431094529,59.7419803098374
1127,900.430109500885,2016,282406.4436309526,58.38837265462245
1128,338.7877375483513,715,267191.0486433568,58.55645808795457
1129,800.1550880372524,2016,279100.07918650773,58.07790053532537
1130,687.6571459174156,1530,288686.9173071894,56.98007146411119
1131,194.45841732621193,515,257606.2250097087,58.118393198489485
1132,237.00906285643578,513,281139.38538011693,60.333913949419134
1133,233.69157257676125,513,285201.8809356722,59.21795713227344
1134,744.7405981123447,1669,288358.17035350524,58.098282217893626
1135,626.2256135642529,1381,286510.7847646636,58.08252980562451
1136,519.1132370531559,1102,274634.8689473683,58.48987933579712
1137,612.7243691086769,1385,292410.07319855585,59.389141300099794
1138,76.61010485887527,151,256887.53761589408,55.55823072395982
1139,443.4355244934559,985,279813.5439999997,56.59462422054812
1140,217.94296044111252,514,261711.78035019472,60.75614803598909
1141,260.29276944696903,520,261650.78553846164,61.93774862442507
1142,883.2448791563511,2016,286996.6048214291,58.61219299875879
1143,634.0045973360538,1677,300880.07084078743,57.22289579901219
1144,436.0375297367573,1011,273821.8483877347,58.009229497022666
1145,475.71885043382645,1091,280993.9381851513,59.369149359234626
1146,667.2000487148762,1701,305396.5672075247,58.393602594738525
1147,229.11616763472557,510,275494.2599215687,60.5288323452865
1148,594.4570990353823,1674,307539.3695818397,58.564872952918634
1149,472.53073927760124,1097,287942.97247037373,59.66419948412449
1150,460.1760313510895,975,257863.0903999999,56.46993945027934
1151,209.57756733894348,513,283532.1012475634,56.92015296353722
1152,307.22431057691574,670,281820.1143880595,54.37130049131896
1153,306.4519165158272,791,300510.7176738304,59.42174550021601
1154,368.30763655900955,804,284092.62636815925,60.690647183409745
1155,484.40333622694016,1091,289689.6892942253,59.66435415826226
1156,346.9227329492569,802,295043.8661097254,57.71766644847816
1157,453.32994613051414,1095,295669.1571324203,59.60441456999344
1158,487.18189865350723,1065,284095.1043192484,60.78020132675398
1159,487.2925764322281,1094,276295.0205118836,60.147641984847056
1160,663.1133083999157,1570,286014.79185987276,58.370824329700255
1161,193.6705685555935,435,279373.8332873562,56.33100079774929
1162,339.59587758779526,801,292499.0547315852,59.29885710439443
1163,504.14650136232376,1089,278762.83458218555,59.45265595785048
1164,458.71065440773964,1090,298243.6763486236,57.75038743799475
1165,806.4120072424412,1959,269747.3452833077,58.0858324238586
1166,242.1029597222805,508,266562.8228346456,61.33102549664738
1167,334.6362434774637,810,297843.80372839497,59.21453675186589
1168,559.6507483720779,1352,280920.6079585806,59.544695268901364
1169,805.301726937294,2016,279540.2947222222,57.78511258977937
1170,234.8748863339424,517,285925.41574468114,61.13342544853648
1171,739.229986011982,1667,291891.1963407314,59.85775558191594
1172,494.8003193438053,1097,287790.7448495896,58.98824558799049
1173,473.7888291478157,1099,280635.42493175657,59.63790578039678
1174,392.761065363884,1082,296436.1400554528,59.31570971616861
1175,862.7619521617889,2016,288025.91299603146,57.95079752406751
1176,541.2323447465897,1382,294420.384124457,59.23144517504488
1177,467.5530351996422,1096,291775.1393978105,59.2899749844891
1178,251.68953815102577,517,268759.86796905234,60.64913757747975
1179,732.5131004452705,2016,269052.0602876978,57.5698337825611
1180,427.8018076568842,1090,300154.1356146792,58.32758399016892
1181,199.3898555636406,404,225878.69698019797,55.49530850547354
1182,0.5653589963912964,3,353632.5733333334,33.333333333333336
1183,253.77445340156555,519,267686.0282080927,59.714609970087054
1184,390.0376586318016,805,270124.5911552796,60.23575928019157
1185,839.2764358669519,2016,283909.3136210321,57.82355750692249
1186,506.4833420664072,1265,295589.24581818166,57.17091049138061
1187,825.1385586857796,2016,276383.5767162699,57.45441692273439
1188,375.10151159763336,808,280860.176336634,61.45292514291264
1189,806.1028718054295,1983,297877.2662531523,58.66623533422928
1190,78.40907415747643,145,214383.33903448275,60.03986854130778
1191,568.4657751321793,1264,288528.2220094938,57.10479053176123
1192,230.02845746278763,512,288337.73480468756,58.40191556790845
1193,867.5760082602501,2016,298785.4028571427,56.865893037385646
1194,114.06079235672951,235,269144.4931914893,62.47549406446167
1195,472.50365048646927,1088,293664.2040073529,59.62467183773074
1196,239.6361857354641,513,269343.55458089674,60.85318006394742
1197,750.2338435947895,2016,282271.446210317,56.288527201169124
1198,212.0092753469944,517,278738.0614700196,59.81846677358867
1199,363.6050497889519,792,281390.05424242374,59.11312103163075
1200,217.32553040981293,518,277331.5871428571,61.45395553015081
1201,76.74156257510185,127,205822.37700787405,50.81867409043036
1202,844.0693245530128,2016,296692.9032738095,57.91919195657327
1203,242.0289849936962,515,277648.2765825244,60.08984867866387
1204,442.14159002900124,1093,277032.29999999993,59.46850230948023
1205,414.11809027194977,1093,287522.5998536134,59.04731597281992
1206,276.73919662833214,517,243497.5890522245,61.97114730024836
1207,484.0147604942322,1028,277389.3975680933,59.290893451909405
1208,638.8022956550121,1379,273427.12459753425,58.51907267003098
1209,213.7522400021553,506,291686.1541106718,61.66095791159426
1210,658.9710739850998,1580,305652.022075949,57.25564802415522
1211,621.2063564956188,1383,287138.1240925519,59.60418394169747
1212,363.70888963341713,805,284275.3276024844,60.61996593719624
1213,287.5741920173168,808,303672.89071782154,59.56165127282825
1214,885.1223793029785,2016,291046.2422023812,58.01291849461808
1215,244.9741324186325,514,274236.73712062277,61.229492394810016
1216,393.96180415153503,802,244415.86334164575,59.12850633604926
1217,823.26136469841,2016,287212.34829365095,56.911674229049915
1218,913.3243610858917,2016,272358.7535019841,57.86576689864668
1219,924.3697224855423,2016,280487.20325396786,58.361735631040546
1220,475.9991115927696,1096,296602.4204379563,59.35726292733989
1221,209.60264962911606,430,268504.95427906956,59.2954715011213
1222,888.9655861258507,2016,287327.35735119076,57.310871142802405
1223,484.70220935344696,1084,289174.37217712187,60.07243351513211
1224,372.1872461438179,808,256569.438688119,60.32102717169086
1225,104.1386606991291,229,279447.0522270741,65.2578425811064
1226,222.47523340582848,512,281837.5662499999,59.540909350530995
1227,670.6392757296562,1813,289285.51812465524,57.017462128532195
1228,609.9529548585415,1383,290637.2789877079,59.96779779085508
1229,244.84688633680344,517,273590.1165570597,62.020638325590895
1230,231.9995039999485,519,289724.4839306358,59.899032894732144
1231,234.0086334645748,522,288974.2281992337,59.05933813899712
1232,641.6407789289951,2016,284374.2480158728,58.69475127499971
1233,698.4138178825378,1546,271159.9802587324,57.367020224597496
1234,674.1981157362461,2016,290154.42547619046,58.0191042253795
1235,945.2084482312202,2016,278625.21163690405,57.38438683788291
1236,191.1915689110756,518,266950.80583011586,61.507042202589254
1237,463.4348624050617,1089,284329.3221854915,59.46040865725598
1238,547.3585796058178,1378,296410.3313207545,59.521842828238334
1239,833.1910447925329,2016,291969.50803571445,57.59440402764966
1240,351.0651656091213,794,292299.77075566765,59.507268138392334
1241,262.9232248067856,717,268150.94315202243,56.92499320913619
1242,846.6631036698818,2016,291332.14341269835,58.164531953774535
1243,366.45325922966003,808,270339.9818316832,60.02157139319975
1244,370.5011157095432,809,281189.36328801024,60.46002601155749
1245,300.75003546476364,664,286708.31930722913,54.306731225724214
1246,225.85481297969818,504,289107.79087301553,60.98201978223069
1247,338.53779768943787,803,285368.12004981353,59.87739425929969
1248,509.7015880048275,1261,271321.4804599526,57.72673507462229
1249,327.7838922739029,805,259489.27766459636,60.87886974323828
1250,912.244934618473,2016,285144.59654761886,57.65855745274592
1251,176.18133008480072,429,249880.8127272727,56.055743999182674
1252,867.1746873557568,1961,288240.56285568624,58.44500291522049
1253,452.51204457879066,986,279108.582454361,57.59274113290538
1254,179.75953096151352,380,275786.5527368423,54.038773482799726
1255,491.9846202135086,978,256611.88831288362,56.78781059899317
1256,792.8623984158039,2016,286923.28618055553,57.780670454801566
1257,930.1990746855736,2016,268841.2247619047,57.62269771886889
1258,250.48371091485023,516,269503.7227519379,60.02771112997001
1259,890.14399766922,2016,290796.8214682537,57.21090930661269
1260,370.5521932542324,807,283430.00024783163,58.92213005648197
1261,588.8953860402107,1241,273452.80390008073,56.635876277002836
1262,126.72483292222023,377,286532.20095490705,53.91931358312272
1263,270.12120720744133,718,251334.31991643427,58.154175430087676
1264,198.34031081199646,387,247719.74418604648,52.5027749988417
1265,347.4269056916237,807,251766.976109046,60.27736662160092
1266,224.62116268277168,423,245573.54921985805,57.75397668773865
1267,615.7978456616402,1383,286903.1084743314,58.807234064281104
1268,826.0050792694092,2016,284789.7054563491,57.62674125650494
1269,358.30205711722374,808,260247.90549504987,60.607532083291154
1270,550.0380727350712,1170,277054.59037606826,57.26977755876149
1271,348.0385108292103,808,280276.5391089103,60.44303712606145
1272,480.7193493247032,1095,293904.8613515982,58.50537014694526
1273,224.79402542114258,513,294376.868888889,61.432763767031766
1274,493.25145703554153,996,263347.7661847385,57.55038753501895
1275,402.38606798648834,807,255095.04934324624,60.02464244238309
1276,454.50479316711426,1015,281690.57298522163,58.172285095158635
1277,241.71976536512375,514,273632.944319066,60.818763177064014
1278,734.8415976017714,1669,293498.6973517073,59.03019513322395
1279,810.6063514351845,2016,292526.59982142894,57.592352492774715
1280,44.0668888092041,367,286296.174441417,53.939456431112276
1281,839.9815345406532,2016,293312.2348214288,57.497826817035445
1282,766.5569704025984,2016,296259.026001984,57.77100976501654
1283,572.9128683805466,1371,285295.44512035063,59.08692960147007
1284,411.64570289850235,1017,262896.2194296951,57.59817459341223
1285,854.5699468255043,2016,293897.9141269844,58.051667940784895
1286,286.4079665839672,807,235946.528141264,58.56204928191835
1287,363.21936798095703,805,287721.52688198717,60.87074845364705
1288,217.71690782904625,436,262115.23472477062,56.13505612320865
1289,111.68502900004387,235,270502.7818723404,59.18113053539343
1290,281.59042689204216,655,282392.7538931297,55.595755147342786
1291,106.30709406733513,232,283502.59706896567,65.41477939937194
1292,847.913880392909,2016,297478.771934524,58.2003321949189
1293,462.9698344171047,1089,298895.68339761253,59.50479208294148
1294,0.626662939786911,3,348405.12000000005,33.333333333333336
1295,310.0588968992233,803,285168.976239103,59.231831209564696
1296,283.6566434800625,775,254056.87428387094,58.70861394152777
1297,358.98956122994423,803,289280.42249066033,60.898816526518424
1298,594.14209613204,1292,265709.4930495354,58.241593291080044
1299,861.4671612679958,2016,283921.66044642846,58.07419378725548
1300,114.5018325150013,238,271322.27033613453,59.08468942583873
1301,574.6980468928814,1258,262607.31980922143,56.85310739574321
1302,925.755842089653,2016,263154.0091170637,58.51604040177491
1303,311.15598022937775,807,288231.86855018616,58.85986941159911
1304,871.0073835551739,2016,296278.3962896827,58.06603900730577
1305,233.4962009191513,519,288180.1978805394,60.625373722116976
1306,784.5105780363083,2016,284135.0694246029,56.929379430907524
1307,180.353252440691,378,273845.914074074,53.74586606492677
1308,713.4348759055138,2016,298956.8835714289,58.246750772988094
1309,516.2810170054436,1090,275951.1501467889,59.400355490045264
1310,902.245537430048,2016,288578.15964285703,57.909769104835114
1311,841.202390909195,2016,290678.80944444466,58.07388058225794
1312,890.9946356713772,2016,276818.66514880944,58.36807098908139
1313,396.9957435429096,802,264649.56019950117,60.03517488653529
1314,648.8289965987206,1526,298004.32554390596,57.305786734180046
1315,0.5854151844978333,3,355148.8666666667,33.333333333333336
1316,771.2771201133728,2016,298283.8247222221,58.76201925060934
1317,204.6017963886261,517,286246.54719535785,59.09835197999539
1318,359.8012158870697,805,289962.05711801257,61.041596820469316
1319,430.42307564616203,1092,309376.57373626396,58.83818091733161
1320,870.3153549730778,2016,280888.48068452376,58.36733522187401
1321,477.14498606324196,971,266540.2855406797,56.895810902104685
1322,832.701875269413,2016,283103.660198413,57.1456561117932
1323,796.587296128273,2016,281188.7942559527,58.43506188608133
1324,891.5604705810547,1972,279980.48607505066,59.16491831150927
1325,479.20315220952034,1084,292510.5781734317,60.78957745305591
1326,259.32445549964905,521,263141.2353166987,61.000150984535246
1327,252.20656543970108,516,267832.0690697674,60.611504410494106
1328,374.78272208571434,803,279565.23838107137,60.548709743216435
1329,460.9092585891485,1092,288995.4741025641,60.305944033957395
1330,540.9026928246021,1275,275499.6221019609,57.772519710994004
1331,289.9514682292938,798,296167.39488721825,60.92463430991948
1332,733.2262061238289,1671,285733.3306882113,59.208983180200704
1333,669.9666848778725,1529,293940.47281883575,57.4082868577297
1334,91.05257394909859,153,211225.93424836596,60.69714962089429
1335,352.68806049227715,804,294027.8665920401,60.52999298707688
1336,193.91302606463432,512,299072.83925781265,59.51148232955344
1337,791.0249789953232,1960,283961.8328877553,59.206487714642485
1338,808.3744311332703,1927,290179.921722885,58.94778088314943
1339,228.81659495830536,522,290206.8424904213,61.15857026008148
1340,397.41006577014923,1005,279310.3684975125,58.250246348465225
1341,360.47698670625687,801,286026.7266666668,59.0530549475091
1342,481.5601542890072,1090,292700.8247155962,60.06848632380993
1343,120.15347707271576,222,233027.27279279297,65.3285328783157
1344,434.1507988870144,1090,296902.1290642199,59.46108058642587
1345,343.3799619078636,696,258976.54370689657,56.7621495667351
1346,903.1883387565613,2016,288885.7139186507,58.38607728052819
1347,482.994671523571,1007,267156.549553128,57.733047943658256
1348,250.40847009420395,517,270210.95206963265,61.675265433724995
1349,197.03469747304916,414,270579.8903864735,57.22815046719559
1350,230.37951156497002,517,290478.4383752417,60.88744664659679
1351,669.1561924517155,1528,294793.3204712047,57.630238143942236
1352,430.3294575214386,967,265421.91873836616,56.57440511248695
1353,869.9918898940086,2016,295260.98233134905,57.55099896125182
1354,895.7591519057751,2016,289915.2172420631,58.53871159690553
1355,876.9678175151348,1995,278139.6042807019,59.03457556319449
1356,347.5362401008606,675,243493.65632592572,55.231460814124524
1357,368.0431532263756,713,253468.01817671824,57.277198008798514
1358,247.0842441022396,514,268090.60365758743,60.19682261158445
1359,212.7400000989437,520,294123.4378846152,58.23970190475627
1360,229.30581468343735,524,294647.2867938932,59.475578014622734
1361,181.4853087067604,373,268927.1925469168,50.67775704422429
1362,913.5755077004433,2016,279207.9660019844,58.16234465232091
1363,198.77042564749718,409,241364.9580440097,56.99274854077663
1364,387.3147321641445,806,272274.79491315136,60.07602591806298
1365,930.9858572483063,2016,278511.72141865134,57.80285339877171
1366,197.57025519013405,519,260161.1005780345,61.63864394155736
1367,315.7395691871643,674,248353.5957270029,56.080146276057654
1368,830.4090017080307,2016,294106.2767857143,57.1480700280623
1369,374.76390820741653,801,278964.8184019976,60.40704582046974
1370,228.44721427559853,503,285994.623976143,62.29667240262961
1371,344.11338108778,679,247975.76014727526,55.169772167300124
1372,916.8823217153549,2016,283555.5347519844,58.501257758313564
1373,830.8715061247349,2016,262426.76245039725,58.440372284294824
1374,466.75491754710674,1093,295942.3896614827,60.26725831494626
1375,488.4430895149708,1095,267590.31901369843,59.526573019303974
1376,874.9663448035717,2016,282458.24073412677,58.3604437442933
1377,809.5524255335331,2016,283167.58639880933,58.532147083079394
1378,873.7839801609516,2016,276660.63458333386,58.70932812493785
1379,244.4681690633297,512,273789.76070312527,62.49358694490404
1380,248.4421356022358,516,271591.6684883723,60.556891495516865
1381,443.33388735353947,1092,290277.4698901098,60.41451141093928
1382,257.20681941509247,515,260182.64442718457,62.37050406798064
1383,245.74465218186378,518,275388.94447876455,60.79417530492978
1384,214.54245668649673,412,250897.00616504843,55.90661864064267
1385,175.14156356453896,374,278478.4105882354,51.912213424653096
1386,357.2698422074318,802,288235.7524438905,60.58240525378758
1387,253.38480722904205,441,222650.35827664417,58.772361040611074
1388,188.14004093408585,502,288056.1978884462,61.58807104527339
1389,338.5363038778305,806,283817.87267990044,60.73028466628718
1390,841.1753269433975,2016,294277.6076884928,58.42748900853381
1391,227.44819140434265,522,295585.9651340995,60.34912269450997
1392,290.8019573390484,812,254617.79285714257,59.403254948252105
1393,858.7509924322367,2016,285237.10125992046,58.303357172108136
1394,822.4255573153496,2016,285476.6582242063,58.3763816392807
1395,714.050358325243,1674,299507.10930704884,59.19523591319171
1396,156.08166655898094,301,209513.9899667773,56.51070168382488
1397,929.8629674315453,2016,279605.1625297619,58.25587219618153
1398,629.2160940468311,1305,271478.10220689647,58.45562205259997
1399,892.7684202194214,2016,281729.8749900792,58.303194472744295
1400,223.5217370390892,510,289282.0196862743,59.129283788297684
1401,251.01235657930374,507,264436.80410256423,62.18476150950513
1402,829.65857604146,2016,281562.1092261902,58.31793628436535
1403,575.5025094002485,1385,291406.6752635379,60.28197709716259
1404,831.7933176159859,2016,277498.8883234125,58.49229372160477
1405,448.30602756142616,1093,294702.42927721865,60.20406035274674
1406,257.3207642734051,515,258003.9366213591,60.759996999891236
1407,238.52753683924675,517,282143.25369439065,60.10447903151002
1408,379.55133897066116,804,273242.8495273634,59.57665512117723
1409,233.41531988978386,515,281069.84186407767,61.706143884629235
1410,376.4259401112795,810,278732.37619753095,60.721013229064944
1411,762.1762088537216,1560,262945.0616794879,57.626492787638135
1412,251.23310580849648,513,267259.6132553604,59.77824839053554
1413,211.67116844654083,516,290323.92073643394,60.89061876742463
1414,876.0313102304935,2016,275330.039077381,58.06440284580794
1415,377.8208957016468,718,244904.27314763246,56.40378992525536
1416,899.8224654495716,2016,270976.72699404776,58.6380898320781
1417,235.25403091311455,519,286499.57102119474,60.71124084082881
1418,334.61753740906715,1091,296901.6992483961,59.61478015354634
1419,247.4839397072792,440,228956.15686363625,58.648637155461465
1420,837.2154173851013,2016,280731.7488392859,58.64045573533606
1421,602.3727353215218,1373,294349.0305316823,60.031709851823145
1422,186.39353796839714,376,264045.2953191487,52.248767747180416
1423,243.00319090485573,514,272410.59684824914,61.32453707347461
1424,941.5897528231144,2016,279627.3648015872,58.45871915785672
1425,486.9695617854595,979,259523.49356486232,57.389012299692574
1426,459.2515567243099,1374,296816.25046579324,59.33150039934279
1427,482.17718943953514,1008,252026.39449404782,58.33076809600142
1428,605.6738275289536,1264,263581.38202531665,56.363957182530115
1429,367.8854843080044,805,281678.9420621115,59.47769115386364
1430,922.7230858206749,2016,275258.9651984118,58.68623863357227
1431,626.3613447844982,1375,285531.62113454513,60.080976169710745
1432,562.6185162365437,1378,294985.25417997106,59.3232947098872
1433,143.14707240462303,379,279764.62000000017,53.197822217243626
1434,509.35688319802284,990,254483.14270707103,57.055226579850206
1435,403.0599294900894,988,263875.4415384618,56.853503752574746
1436,109.30805179476738,232,276638.2239655171,65.42388456547404
1437,595.7035143971443,1298,271203.72221879754,58.88640220867045
1438,81.4465800523758,147,232326.98897959196,57.07364673940774
1439,445.51984141767025,1088,259580.72676470608,59.51613147823641
1440,907.8172633051872,2016,275475.88469246,58.211780730528616
1441,864.5622227787971,2016,298012.9853174605,58.26374097452629
1442,465.11740162968636,1096,266204.33755474485,59.84841222782769
1443,542.2219605445862,1256,260037.78221337535,57.33792408950484
1444,908.6384864151478,2016,286112.2571527778,58.65540029873169
1445,437.6232687830925,985,266854.28359390894,58.28865847025875
1446,895.3325161337852,2016,290770.8464781744,58.484220377506446
1447,249.5999761223793,499,261777.75771543107,61.66298967863289
1448,345.4507517516613,794,286661.3307808566,61.25372828725408
1449,702.3744476437569,1553,286270.32640051557,57.3883058188933
1450,525.3553903400898,1093,271355.064391583,60.18374820763076
1451,356.28678035736084,806,289491.88379652624,59.728153844790654
1452,505.81763276457787,1090,281004.9384036697,60.08433058813405
1453,472.69944290816784,1090,296665.8428990827,60.041645804354346
1454,416.14429487288,1097,266864.6056426615,60.24745802301452
1455,937.0875370502472,2016,276645.91414682503,58.41177791291717
1456,260.2416237592697,517,260209.9761702132,61.9764912232071
1457,169.39464154839516,518,268913.9204633204,62.098321065656286
1458,475.77882888913155,1086,291486.4160589318,60.47127322179312
1459,236.25709930062294,510,281221.1361960783,60.68039175245638
1460,253.82492658495903,511,263641.0908414873,60.62767635192945
1461,240.2358722090721,519,279986.78416184935,61.35493207826508
1462,819.6585289537907,2016,299175.43367063464,58.35886230245512
1463,647.7675530016422,1538,265134.7901950587,57.92032950430094
1464,702.5664225816727,1532,283256.2788772842,57.513231748498285
1465,918.8859159350395,2016,283004.37352182594,58.44446640325086
1466,498.1970806121826,1093,283973.64117108873,60.71732357511232
1467,674.3385379314423,1524,288016.5978477692,57.89827686008418
1468,955.5244353711605,2016,275982.5556150793,58.3288015134064
1469,655.0987770855427,1678,300817.4057449345,59.22406362419787
1470,914.3291909694672,2016,285910.00095238123,58.64942785232061
1471,383.36698043346405,803,273873.1914072229,59.5467607468617
1472,263.545592546463,518,257249.9667953668,59.94259505082024
1473,390.00219464302063,803,269549.1159402239,60.01947469831849
1474,919.7344334423542,2016,280692.6542658738,58.67999347364275
1475,880.9393445551395,2016,284047.23207341274,58.376630291856834
1476,369.99523970484734,804,282924.7494776115,60.554126025726895
1477,231.3920919597149,432,243240.78847222237,59.084058970098894
1478,136.06225353479385,514,303704.70902723726,60.822631950750484
1479,524.0364672392607,1099,272990.30764331215,60.477224867438146
1480,381.58563655614853,802,274785.6928927681,60.16154744155695
1481,231.68696084618568,518,289604.2936293435,60.632762146909705
1482,331.5949548780918,804,292929.93711442786,59.31738509303348
1483,639.9182498455048,1676,290557.6888305494,59.503540980070625
1484,819.8385096490383,2016,264489.6091021823,58.95898682621025
1485,443.2777887880802,945,255043.76623280408,56.14406931196018
1486,867.7159321904182,2016,290049.8687301582,58.930774569964356
1487,453.33476108312607,1085,291786.6974562213,59.57199140720886
1488,407.9373871386051,892,284468.96520179324,57.46910562581244
1489,483.75892037153244,1095,292719.1015159822,59.71581957441057
1490,513.650804400444,1089,274675.6120477504,60.58425535670752
1491,497.02989986538887,1089,285040.2378512398,60.61608500753155
1492,910.2142648696899,2016,286968.81607142853,58.72064386023188
1493,265.43627697229385,512,252222.26124999992,61.801383919288796
1494,365.7699201107025,803,285477.0724533001,60.240690082161436
1495,228.73683774471283,515,291242.160815534,60.190641373799984
1496,247.9004585146904,504,266228.73555555544,62.65619242012039
1497,210.43895587325096,515,294687.05530097045,60.227418507940335
1498,737.9550757855177,1664,291873.6902884614,59.92775275244601
1499,906.3877516388893,2016,277382.80187500024,58.68971940199351
